"","id","expl.name","expl.val","pred.name","pred.val"
"1",1,"dsv_priority",0,"DSV_EMwmeanByROC_mergedData_mergedRun_mergedAlgo",0.332911789866668
"2",2,"dsv_priority",0.0101010101010101,"DSV_EMwmeanByROC_mergedData_mergedRun_mergedAlgo",0.331204351472337
"3",3,"dsv_priority",0.0202020202020202,"DSV_EMwmeanByROC_mergedData_mergedRun_mergedAlgo",0.329497167682676
"4",4,"dsv_priority",0.0303030303030303,"DSV_EMwmeanByROC_mergedData_mergedRun_mergedAlgo",0.327790299890963
"5",5,"dsv_priority",0.0404040404040404,"DSV_EMwmeanByROC_mergedData_mergedRun_mergedAlgo",0.326083809574946
"6",6,"dsv_priority",0.0505050505050505,"DSV_EMwmeanByROC_mergedData_mergedRun_mergedAlgo",0.324377758296625
"7",7,"dsv_priority",0.0606060606060606,"DSV_EMwmeanByROC_mergedData_mergedRun_mergedAlgo",0.322672207702033
"8",8,"dsv_priority",0.0707070707070707,"DSV_EMwmeanByROC_mergedData_mergedRun_mergedAlgo",0.320967219521025
"9",9,"dsv_priority",0.0808080808080808,"DSV_EMwmeanByROC_mergedData_mergedRun_mergedAlgo",0.319262855567059
"10",10,"dsv_priority",0.0909090909090909,"DSV_EMwmeanByROC_mergedData_mergedRun_mergedAlgo",0.317559177736967
"11",11,"dsv_priority",0.101010101010101,"DSV_EMwmeanByROC_mergedData_mergedRun_mergedAlgo",0.315856248010709
"12",12,"dsv_priority",0.111111111111111,"DSV_EMwmeanByROC_mergedData_mergedRun_mergedAlgo",0.314154128451096
"13",13,"dsv_priority",0.121212121212121,"DSV_EMwmeanByROC_mergedData_mergedRun_mergedAlgo",0.312452881203487
"14",14,"dsv_priority",0.131313131313131,"DSV_EMwmeanByROC_mergedData_mergedRun_mergedAlgo",0.310752568495435
"15",15,"dsv_priority",0.141414141414141,"DSV_EMwmeanByROC_mergedData_mergedRun_mergedAlgo",0.309053252636291
"16",16,"dsv_priority",0.151515151515152,"DSV_EMwmeanByROC_mergedData_mergedRun_mergedAlgo",0.307354996016753
"17",17,"dsv_priority",0.161616161616162,"DSV_EMwmeanByROC_mergedData_mergedRun_mergedAlgo",0.305657861108347
"18",18,"dsv_priority",0.171717171717172,"DSV_EMwmeanByROC_mergedData_mergedRun_mergedAlgo",0.303961910462836
"19",19,"dsv_priority",0.181818181818182,"DSV_EMwmeanByROC_mergedData_mergedRun_mergedAlgo",0.302267206711551
"20",20,"dsv_priority",0.191919191919192,"DSV_EMwmeanByROC_mergedData_mergedRun_mergedAlgo",0.300573812564631
"21",21,"dsv_priority",0.202020202020202,"DSV_EMwmeanByROC_mergedData_mergedRun_mergedAlgo",0.298881790810173
"22",22,"dsv_priority",0.212121212121212,"DSV_EMwmeanByROC_mergedData_mergedRun_mergedAlgo",0.297191204313267
"23",23,"dsv_priority",0.222222222222222,"DSV_EMwmeanByROC_mergedData_mergedRun_mergedAlgo",0.295502116014931
"24",24,"dsv_priority",0.232323232323232,"DSV_EMwmeanByROC_mergedData_mergedRun_mergedAlgo",0.293814588930914
"25",25,"dsv_priority",0.242424242424242,"DSV_EMwmeanByROC_mergedData_mergedRun_mergedAlgo",0.292128686150379
"26",26,"dsv_priority",0.252525252525253,"DSV_EMwmeanByROC_mergedData_mergedRun_mergedAlgo",0.290444470834438
"27",27,"dsv_priority",0.262626262626263,"DSV_EMwmeanByROC_mergedData_mergedRun_mergedAlgo",0.288762006214555
"28",28,"dsv_priority",0.272727272727273,"DSV_EMwmeanByROC_mergedData_mergedRun_mergedAlgo",0.287081355590784
"29",29,"dsv_priority",0.282828282828283,"DSV_EMwmeanByROC_mergedData_mergedRun_mergedAlgo",0.285402582329848
"30",30,"dsv_priority",0.292929292929293,"DSV_EMwmeanByROC_mergedData_mergedRun_mergedAlgo",0.283725749863054
"31",31,"dsv_priority",0.303030303030303,"DSV_EMwmeanByROC_mergedData_mergedRun_mergedAlgo",0.282050921684016
"32",32,"dsv_priority",0.313131313131313,"DSV_EMwmeanByROC_mergedData_mergedRun_mergedAlgo",0.280378161346207
"33",33,"dsv_priority",0.323232323232323,"DSV_EMwmeanByROC_mergedData_mergedRun_mergedAlgo",0.278707532460306
"34",34,"dsv_priority",0.333333333333333,"DSV_EMwmeanByROC_mergedData_mergedRun_mergedAlgo",0.277039098691347
"35",35,"dsv_priority",0.343434343434343,"DSV_EMwmeanByROC_mergedData_mergedRun_mergedAlgo",0.275372923755659
"36",36,"dsv_priority",0.353535353535354,"DSV_EMwmeanByROC_mergedData_mergedRun_mergedAlgo",0.273709071417583
"37",37,"dsv_priority",0.363636363636364,"DSV_EMwmeanByROC_mergedData_mergedRun_mergedAlgo",0.272047605485971
"38",38,"dsv_priority",0.373737373737374,"DSV_EMwmeanByROC_mergedData_mergedRun_mergedAlgo",0.270388589810448
"39",39,"dsv_priority",0.383838383838384,"DSV_EMwmeanByROC_mergedData_mergedRun_mergedAlgo",0.268732088277433
"40",40,"dsv_priority",0.393939393939394,"DSV_EMwmeanByROC_mergedData_mergedRun_mergedAlgo",0.26707816480592
"41",41,"dsv_priority",0.404040404040404,"DSV_EMwmeanByROC_mergedData_mergedRun_mergedAlgo",0.265426883342999
"42",42,"dsv_priority",0.414141414141414,"DSV_EMwmeanByROC_mergedData_mergedRun_mergedAlgo",0.26377830785912
"43",43,"dsv_priority",0.424242424242424,"DSV_EMwmeanByROC_mergedData_mergedRun_mergedAlgo",0.262132502343091
"44",44,"dsv_priority",0.434343434343434,"DSV_EMwmeanByROC_mergedData_mergedRun_mergedAlgo",0.260489530796802
"45",45,"dsv_priority",0.444444444444444,"DSV_EMwmeanByROC_mergedData_mergedRun_mergedAlgo",0.258849457229672
"46",46,"dsv_priority",0.454545454545455,"DSV_EMwmeanByROC_mergedData_mergedRun_mergedAlgo",0.257212345652816
"47",47,"dsv_priority",0.464646464646465,"DSV_EMwmeanByROC_mergedData_mergedRun_mergedAlgo",0.255578260072914
"48",48,"dsv_priority",0.474747474747475,"DSV_EMwmeanByROC_mergedData_mergedRun_mergedAlgo",0.253947264485798
"49",49,"dsv_priority",0.484848484848485,"DSV_EMwmeanByROC_mergedData_mergedRun_mergedAlgo",0.252319422869733
"50",50,"dsv_priority",0.494949494949495,"DSV_EMwmeanByROC_mergedData_mergedRun_mergedAlgo",0.250694799178397
"51",51,"dsv_priority",0.505050505050505,"DSV_EMwmeanByROC_mergedData_mergedRun_mergedAlgo",0.249073457333559
"52",52,"dsv_priority",0.515151515151515,"DSV_EMwmeanByROC_mergedData_mergedRun_mergedAlgo",0.247455461217441
"53",53,"dsv_priority",0.525252525252525,"DSV_EMwmeanByROC_mergedData_mergedRun_mergedAlgo",0.245840874664775
"54",54,"dsv_priority",0.535353535353535,"DSV_EMwmeanByROC_mergedData_mergedRun_mergedAlgo",0.24422976145454
"55",55,"dsv_priority",0.545454545454546,"DSV_EMwmeanByROC_mergedData_mergedRun_mergedAlgo",0.24262218530138
"56",56,"dsv_priority",0.555555555555556,"DSV_EMwmeanByROC_mergedData_mergedRun_mergedAlgo",0.241018209846715
"57",57,"dsv_priority",0.565656565656566,"DSV_EMwmeanByROC_mergedData_mergedRun_mergedAlgo",0.239417898649512
"58",58,"dsv_priority",0.575757575757576,"DSV_EMwmeanByROC_mergedData_mergedRun_mergedAlgo",0.237821315176759
"59",59,"dsv_priority",0.585858585858586,"DSV_EMwmeanByROC_mergedData_mergedRun_mergedAlgo",0.236228522793596
"60",60,"dsv_priority",0.595959595959596,"DSV_EMwmeanByROC_mergedData_mergedRun_mergedAlgo",0.23463958475314
"61",61,"dsv_priority",0.606060606060606,"DSV_EMwmeanByROC_mergedData_mergedRun_mergedAlgo",0.233054564185984
"62",62,"dsv_priority",0.616161616161616,"DSV_EMwmeanByROC_mergedData_mergedRun_mergedAlgo",0.23147352408938
"63",63,"dsv_priority",0.626262626262626,"DSV_EMwmeanByROC_mergedData_mergedRun_mergedAlgo",0.229896527316102
"64",64,"dsv_priority",0.636363636363636,"DSV_EMwmeanByROC_mergedData_mergedRun_mergedAlgo",0.228323636562997
"65",65,"dsv_priority",0.646464646464647,"DSV_EMwmeanByROC_mergedData_mergedRun_mergedAlgo",0.226754914359226
"66",66,"dsv_priority",0.656565656565657,"DSV_EMwmeanByROC_mergedData_mergedRun_mergedAlgo",0.225190423054192
"67",67,"dsv_priority",0.666666666666667,"DSV_EMwmeanByROC_mergedData_mergedRun_mergedAlgo",0.223630224805169
"68",68,"dsv_priority",0.676767676767677,"DSV_EMwmeanByROC_mergedData_mergedRun_mergedAlgo",0.222074381564631
"69",69,"dsv_priority",0.686868686868687,"DSV_EMwmeanByROC_mergedData_mergedRun_mergedAlgo",0.220522955067285
"70",70,"dsv_priority",0.696969696969697,"DSV_EMwmeanByROC_mergedData_mergedRun_mergedAlgo",0.21897600681682
"71",71,"dsv_priority",0.707070707070707,"DSV_EMwmeanByROC_mergedData_mergedRun_mergedAlgo",0.217433598072366
"72",72,"dsv_priority",0.717171717171717,"DSV_EMwmeanByROC_mergedData_mergedRun_mergedAlgo",0.215895789834693
"73",73,"dsv_priority",0.727272727272727,"DSV_EMwmeanByROC_mergedData_mergedRun_mergedAlgo",0.214362642832126
"74",74,"dsv_priority",0.737373737373737,"DSV_EMwmeanByROC_mergedData_mergedRun_mergedAlgo",0.212834217506214
"75",75,"dsv_priority",0.747474747474748,"DSV_EMwmeanByROC_mergedData_mergedRun_mergedAlgo",0.211310573997143
"76",76,"dsv_priority",0.757575757575758,"DSV_EMwmeanByROC_mergedData_mergedRun_mergedAlgo",0.209791772128914
"77",77,"dsv_priority",0.767676767676768,"DSV_EMwmeanByROC_mergedData_mergedRun_mergedAlgo",0.20827787139428
"78",78,"dsv_priority",0.777777777777778,"DSV_EMwmeanByROC_mergedData_mergedRun_mergedAlgo",0.206768930939472
"79",79,"dsv_priority",0.787878787878788,"DSV_EMwmeanByROC_mergedData_mergedRun_mergedAlgo",0.205265009548719
"80",80,"dsv_priority",0.797979797979798,"DSV_EMwmeanByROC_mergedData_mergedRun_mergedAlgo",0.203766165628555
"81",81,"dsv_priority",0.808080808080808,"DSV_EMwmeanByROC_mergedData_mergedRun_mergedAlgo",0.202272457191959
"82",82,"dsv_priority",0.818181818181818,"DSV_EMwmeanByROC_mergedData_mergedRun_mergedAlgo",0.200783941842313
"83",83,"dsv_priority",0.828282828282828,"DSV_EMwmeanByROC_mergedData_mergedRun_mergedAlgo",0.199300676757201
"84",84,"dsv_priority",0.838383838383838,"DSV_EMwmeanByROC_mergedData_mergedRun_mergedAlgo",0.197822718672064
"85",85,"dsv_priority",0.848484848484849,"DSV_EMwmeanByROC_mergedData_mergedRun_mergedAlgo",0.196350123863725
"86",86,"dsv_priority",0.858585858585859,"DSV_EMwmeanByROC_mergedData_mergedRun_mergedAlgo",0.1948829481338
"87",87,"dsv_priority",0.868686868686869,"DSV_EMwmeanByROC_mergedData_mergedRun_mergedAlgo",0.193421246791997
"88",88,"dsv_priority",0.878787878787879,"DSV_EMwmeanByROC_mergedData_mergedRun_mergedAlgo",0.191965074639343
"89",89,"dsv_priority",0.888888888888889,"DSV_EMwmeanByROC_mergedData_mergedRun_mergedAlgo",0.190514485951334
"90",90,"dsv_priority",0.898989898989899,"DSV_EMwmeanByROC_mergedData_mergedRun_mergedAlgo",0.189069534461031
"91",91,"dsv_priority",0.909090909090909,"DSV_EMwmeanByROC_mergedData_mergedRun_mergedAlgo",0.187630273342124
"92",92,"dsv_priority",0.919191919191919,"DSV_EMwmeanByROC_mergedData_mergedRun_mergedAlgo",0.186196755191972
"93",93,"dsv_priority",0.929292929292929,"DSV_EMwmeanByROC_mergedData_mergedRun_mergedAlgo",0.184769032014645
"94",94,"dsv_priority",0.939393939393939,"DSV_EMwmeanByROC_mergedData_mergedRun_mergedAlgo",0.183347155203979
"95",95,"dsv_priority",0.94949494949495,"DSV_EMwmeanByROC_mergedData_mergedRun_mergedAlgo",0.181931175526665
"96",96,"dsv_priority",0.95959595959596,"DSV_EMwmeanByROC_mergedData_mergedRun_mergedAlgo",0.180521143105392
"97",97,"dsv_priority",0.96969696969697,"DSV_EMwmeanByROC_mergedData_mergedRun_mergedAlgo",0.179117107402058
"98",98,"dsv_priority",0.97979797979798,"DSV_EMwmeanByROC_mergedData_mergedRun_mergedAlgo",0.177719117201068
"99",99,"dsv_priority",0.98989898989899,"DSV_EMwmeanByROC_mergedData_mergedRun_mergedAlgo",0.176327220592747
"100",100,"dsv_priority",1,"DSV_EMwmeanByROC_mergedData_mergedRun_mergedAlgo",0.174941464956869
"101",1,"land_cover",10,"DSV_EMwmeanByROC_mergedData_mergedRun_mergedAlgo",0.28860606480454
"102",2,"land_cover",10.8080808080808,"DSV_EMwmeanByROC_mergedData_mergedRun_mergedAlgo",0.286990854516039
"103",3,"land_cover",11.6161616161616,"DSV_EMwmeanByROC_mergedData_mergedRun_mergedAlgo",0.285392188021718
"104",4,"land_cover",12.4242424242424,"DSV_EMwmeanByROC_mergedData_mergedRun_mergedAlgo",0.283809946417949
"105",5,"land_cover",13.2323232323232,"DSV_EMwmeanByROC_mergedData_mergedRun_mergedAlgo",0.282244012097825
"106",6,"land_cover",14.040404040404,"DSV_EMwmeanByROC_mergedData_mergedRun_mergedAlgo",0.280694268995429
"107",7,"land_cover",14.8484848484848,"DSV_EMwmeanByROC_mergedData_mergedRun_mergedAlgo",0.279160602811999
"108",8,"land_cover",15.6565656565657,"DSV_EMwmeanByROC_mergedData_mergedRun_mergedAlgo",0.277642901224968
"109",9,"land_cover",16.4646464646465,"DSV_EMwmeanByROC_mergedData_mergedRun_mergedAlgo",0.276141054080866
"110",10,"land_cover",17.2727272727273,"DSV_EMwmeanByROC_mergedData_mergedRun_mergedAlgo",0.274654953573026
"111",11,"land_cover",18.0808080808081,"DSV_EMwmeanByROC_mergedData_mergedRun_mergedAlgo",0.273184494405047
"112",12,"land_cover",18.8888888888889,"DSV_EMwmeanByROC_mergedData_mergedRun_mergedAlgo",0.27172957394089
"113",13,"land_cover",19.6969696969697,"DSV_EMwmeanByROC_mergedData_mergedRun_mergedAlgo",0.270290092342516
"114",14,"land_cover",20.5050505050505,"DSV_EMwmeanByROC_mergedData_mergedRun_mergedAlgo",0.268865952695886
"115",15,"land_cover",21.3131313131313,"DSV_EMwmeanByROC_mergedData_mergedRun_mergedAlgo",0.267457061126144
"116",16,"land_cover",22.1212121212121,"DSV_EMwmeanByROC_mergedData_mergedRun_mergedAlgo",0.26606332690277
"117",17,"land_cover",22.9292929292929,"DSV_EMwmeanByROC_mergedData_mergedRun_mergedAlgo",0.264684662535423
"118",18,"land_cover",23.7373737373737,"DSV_EMwmeanByROC_mergedData_mergedRun_mergedAlgo",0.263320983861209
"119",19,"land_cover",24.5454545454545,"DSV_EMwmeanByROC_mergedData_mergedRun_mergedAlgo",0.261972210124018
"120",20,"land_cover",25.3535353535354,"DSV_EMwmeanByROC_mergedData_mergedRun_mergedAlgo",0.260638264046585
"121",21,"land_cover",26.1616161616162,"DSV_EMwmeanByROC_mergedData_mergedRun_mergedAlgo",0.259319071895856
"122",22,"land_cover",26.969696969697,"DSV_EMwmeanByROC_mergedData_mergedRun_mergedAlgo",0.258014563542239
"123",23,"land_cover",27.7777777777778,"DSV_EMwmeanByROC_mergedData_mergedRun_mergedAlgo",0.256724672513251
"124",24,"land_cover",28.5858585858586,"DSV_EMwmeanByROC_mergedData_mergedRun_mergedAlgo",0.255449336042066
"125",25,"land_cover",29.3939393939394,"DSV_EMwmeanByROC_mergedData_mergedRun_mergedAlgo",0.254188495111405
"126",26,"land_cover",30.2020202020202,"DSV_EMwmeanByROC_mergedData_mergedRun_mergedAlgo",0.252942094493217
"127",27,"land_cover",31.010101010101,"DSV_EMwmeanByROC_mergedData_mergedRun_mergedAlgo",0.25171008278451
"128",28,"land_cover",31.8181818181818,"DSV_EMwmeanByROC_mergedData_mergedRun_mergedAlgo",0.250492412439724
"129",29,"land_cover",32.6262626262626,"DSV_EMwmeanByROC_mergedData_mergedRun_mergedAlgo",0.249289039799936
"130",30,"land_cover",33.4343434343434,"DSV_EMwmeanByROC_mergedData_mergedRun_mergedAlgo",0.248099925119228
"131",31,"land_cover",34.2424242424242,"DSV_EMwmeanByROC_mergedData_mergedRun_mergedAlgo",0.246925032588458
"132",32,"land_cover",35.0505050505051,"DSV_EMwmeanByROC_mergedData_mergedRun_mergedAlgo",0.245764330356675
"133",33,"land_cover",35.8585858585859,"DSV_EMwmeanByROC_mergedData_mergedRun_mergedAlgo",0.244617790550389
"134",34,"land_cover",36.6666666666667,"DSV_EMwmeanByROC_mergedData_mergedRun_mergedAlgo",0.243485389290867
"135",35,"land_cover",37.4747474747475,"DSV_EMwmeanByROC_mergedData_mergedRun_mergedAlgo",0.24236710670961
"136",36,"land_cover",38.2828282828283,"DSV_EMwmeanByROC_mergedData_mergedRun_mergedAlgo",0.241262926962113
"137",37,"land_cover",39.0909090909091,"DSV_EMwmeanByROC_mergedData_mergedRun_mergedAlgo",0.240172838240034
"138",38,"land_cover",39.8989898989899,"DSV_EMwmeanByROC_mergedData_mergedRun_mergedAlgo",0.239096832781799
"139",39,"land_cover",40.7070707070707,"DSV_EMwmeanByROC_mergedData_mergedRun_mergedAlgo",0.238034906881713
"140",40,"land_cover",41.5151515151515,"DSV_EMwmeanByROC_mergedData_mergedRun_mergedAlgo",0.236987060897566
"141",41,"land_cover",42.3232323232323,"DSV_EMwmeanByROC_mergedData_mergedRun_mergedAlgo",0.235953299256734
"142",42,"land_cover",43.1313131313131,"DSV_EMwmeanByROC_mergedData_mergedRun_mergedAlgo",0.234933630460719
"143",43,"land_cover",43.9393939393939,"DSV_EMwmeanByROC_mergedData_mergedRun_mergedAlgo",0.233928067088067
"144",44,"land_cover",44.7474747474747,"DSV_EMwmeanByROC_mergedData_mergedRun_mergedAlgo",0.23293662579556
"145",45,"land_cover",45.5555555555556,"DSV_EMwmeanByROC_mergedData_mergedRun_mergedAlgo",0.23195932731756
"146",46,"land_cover",46.3636363636364,"DSV_EMwmeanByROC_mergedData_mergedRun_mergedAlgo",0.231607972594857
"147",47,"land_cover",47.1717171717172,"DSV_EMwmeanByROC_mergedData_mergedRun_mergedAlgo",0.231778565827268
"148",48,"land_cover",47.979797979798,"DSV_EMwmeanByROC_mergedData_mergedRun_mergedAlgo",0.232726685711322
"149",49,"land_cover",48.7878787878788,"DSV_EMwmeanByROC_mergedData_mergedRun_mergedAlgo",0.234389838099207
"150",50,"land_cover",49.5959595959596,"DSV_EMwmeanByROC_mergedData_mergedRun_mergedAlgo",0.236814330398698
"151",51,"land_cover",50.4040404040404,"DSV_EMwmeanByROC_mergedData_mergedRun_mergedAlgo",0.240128575572388
"152",52,"land_cover",51.2121212121212,"DSV_EMwmeanByROC_mergedData_mergedRun_mergedAlgo",0.245507954097334
"153",53,"land_cover",52.020202020202,"DSV_EMwmeanByROC_mergedData_mergedRun_mergedAlgo",0.253083946734402
"154",54,"land_cover",52.8282828282828,"DSV_EMwmeanByROC_mergedData_mergedRun_mergedAlgo",0.260876230717631
"155",55,"land_cover",53.6363636363636,"DSV_EMwmeanByROC_mergedData_mergedRun_mergedAlgo",0.269460940973039
"156",56,"land_cover",54.4444444444444,"DSV_EMwmeanByROC_mergedData_mergedRun_mergedAlgo",0.278609946029986
"157",57,"land_cover",55.2525252525253,"DSV_EMwmeanByROC_mergedData_mergedRun_mergedAlgo",0.288358739192602
"158",58,"land_cover",56.0606060606061,"DSV_EMwmeanByROC_mergedData_mergedRun_mergedAlgo",0.298724861182895
"159",59,"land_cover",56.8686868686869,"DSV_EMwmeanByROC_mergedData_mergedRun_mergedAlgo",0.309705357173612
"160",60,"land_cover",57.6767676767677,"DSV_EMwmeanByROC_mergedData_mergedRun_mergedAlgo",0.32121344201182
"161",61,"land_cover",58.4848484848485,"DSV_EMwmeanByROC_mergedData_mergedRun_mergedAlgo",0.333006666708074
"162",62,"land_cover",59.2929292929293,"DSV_EMwmeanByROC_mergedData_mergedRun_mergedAlgo",0.345029820698367
"163",63,"land_cover",60.1010101010101,"DSV_EMwmeanByROC_mergedData_mergedRun_mergedAlgo",0.356230096423945
"164",64,"land_cover",60.9090909090909,"DSV_EMwmeanByROC_mergedData_mergedRun_mergedAlgo",0.360297999077977
"165",65,"land_cover",61.7171717171717,"DSV_EMwmeanByROC_mergedData_mergedRun_mergedAlgo",0.364217123718204
"166",66,"land_cover",62.5252525252525,"DSV_EMwmeanByROC_mergedData_mergedRun_mergedAlgo",0.368171550263806
"167",67,"land_cover",63.3333333333333,"DSV_EMwmeanByROC_mergedData_mergedRun_mergedAlgo",0.372157442463255
"168",68,"land_cover",64.1414141414141,"DSV_EMwmeanByROC_mergedData_mergedRun_mergedAlgo",0.376172790103794
"169",69,"land_cover",64.9494949494949,"DSV_EMwmeanByROC_mergedData_mergedRun_mergedAlgo",0.380213225287323
"170",70,"land_cover",65.7575757575758,"DSV_EMwmeanByROC_mergedData_mergedRun_mergedAlgo",0.384277712452178
"171",71,"land_cover",66.5656565656566,"DSV_EMwmeanByROC_mergedData_mergedRun_mergedAlgo",0.388362328921292
"172",72,"land_cover",67.3737373737374,"DSV_EMwmeanByROC_mergedData_mergedRun_mergedAlgo",0.392465372198683
"173",73,"land_cover",68.1818181818182,"DSV_EMwmeanByROC_mergedData_mergedRun_mergedAlgo",0.396583676932299
"174",74,"land_cover",68.989898989899,"DSV_EMwmeanByROC_mergedData_mergedRun_mergedAlgo",0.400714067141297
"175",75,"land_cover",69.7979797979798,"DSV_EMwmeanByROC_mergedData_mergedRun_mergedAlgo",0.404853371154001
"176",76,"land_cover",70.6060606060606,"DSV_EMwmeanByROC_mergedData_mergedRun_mergedAlgo",0.408998436148368
"177",77,"land_cover",71.4141414141414,"DSV_EMwmeanByROC_mergedData_mergedRun_mergedAlgo",0.413146142131649
"178",78,"land_cover",72.2222222222222,"DSV_EMwmeanByROC_mergedData_mergedRun_mergedAlgo",0.417293415212632
"179",79,"land_cover",73.030303030303,"DSV_EMwmeanByROC_mergedData_mergedRun_mergedAlgo",0.421437240039159
"180",80,"land_cover",73.8383838383838,"DSV_EMwmeanByROC_mergedData_mergedRun_mergedAlgo",0.425574671294611
"181",81,"land_cover",74.6464646464647,"DSV_EMwmeanByROC_mergedData_mergedRun_mergedAlgo",0.42970284416922
"182",82,"land_cover",75.4545454545455,"DSV_EMwmeanByROC_mergedData_mergedRun_mergedAlgo",0.433818983744423
"183",83,"land_cover",76.2626262626263,"DSV_EMwmeanByROC_mergedData_mergedRun_mergedAlgo",0.437920413250568
"184",84,"land_cover",77.0707070707071,"DSV_EMwmeanByROC_mergedData_mergedRun_mergedAlgo",0.442004561179354
"185",85,"land_cover",77.8787878787879,"DSV_EMwmeanByROC_mergedData_mergedRun_mergedAlgo",0.446068967251967
"186",86,"land_cover",78.6868686868687,"DSV_EMwmeanByROC_mergedData_mergedRun_mergedAlgo",0.45011128726166
"187",87,"land_cover",79.4949494949495,"DSV_EMwmeanByROC_mergedData_mergedRun_mergedAlgo",0.454129296825049
"188",88,"land_cover",80.3030303030303,"DSV_EMwmeanByROC_mergedData_mergedRun_mergedAlgo",0.458120894089659
"189",89,"land_cover",81.1111111111111,"DSV_EMwmeanByROC_mergedData_mergedRun_mergedAlgo",0.462084101456071
"190",90,"land_cover",81.9191919191919,"DSV_EMwmeanByROC_mergedData_mergedRun_mergedAlgo",0.466017066381419
"191",91,"land_cover",82.7272727272727,"DSV_EMwmeanByROC_mergedData_mergedRun_mergedAlgo",0.469918061337129
"192",92,"land_cover",83.5353535353535,"DSV_EMwmeanByROC_mergedData_mergedRun_mergedAlgo",0.473785482997739
"193",93,"land_cover",84.3434343434343,"DSV_EMwmeanByROC_mergedData_mergedRun_mergedAlgo",0.477729033928991
"194",94,"land_cover",85.1515151515152,"DSV_EMwmeanByROC_mergedData_mergedRun_mergedAlgo",0.481774469125516
"195",95,"land_cover",85.959595959596,"DSV_EMwmeanByROC_mergedData_mergedRun_mergedAlgo",0.485649615068846
"196",96,"land_cover",86.7676767676768,"DSV_EMwmeanByROC_mergedData_mergedRun_mergedAlgo",0.489491999528156
"197",97,"land_cover",87.5757575757576,"DSV_EMwmeanByROC_mergedData_mergedRun_mergedAlgo",0.492940119778395
"198",98,"land_cover",88.3838383838384,"DSV_EMwmeanByROC_mergedData_mergedRun_mergedAlgo",0.496146390184046
"199",99,"land_cover",89.1919191919192,"DSV_EMwmeanByROC_mergedData_mergedRun_mergedAlgo",0.499321826861664
"200",100,"land_cover",90,"DSV_EMwmeanByROC_mergedData_mergedRun_mergedAlgo",0.502465993150998
"201",1,"ndvi",-0.00529437884688377,"DSV_EMwmeanByROC_mergedData_mergedRun_mergedAlgo",0.0909728194334181
"202",2,"ndvi",-0.000635610912183318,"DSV_EMwmeanByROC_mergedData_mergedRun_mergedAlgo",0.0917521039461515
"203",3,"ndvi",0.00402315702251714,"DSV_EMwmeanByROC_mergedData_mergedRun_mergedAlgo",0.0925707827411528
"204",4,"ndvi",0.00868192495721759,"DSV_EMwmeanByROC_mergedData_mergedRun_mergedAlgo",0.0942863599510186
"205",5,"ndvi",0.013340692891918,"DSV_EMwmeanByROC_mergedData_mergedRun_mergedAlgo",0.0967635415944423
"206",6,"ndvi",0.0179994608266185,"DSV_EMwmeanByROC_mergedData_mergedRun_mergedAlgo",0.100295931994354
"207",7,"ndvi",0.022658228761319,"DSV_EMwmeanByROC_mergedData_mergedRun_mergedAlgo",0.104027506978251
"208",8,"ndvi",0.0273169966960194,"DSV_EMwmeanByROC_mergedData_mergedRun_mergedAlgo",0.107955490262227
"209",9,"ndvi",0.0319757646307199,"DSV_EMwmeanByROC_mergedData_mergedRun_mergedAlgo",0.112093253536405
"210",10,"ndvi",0.0366345325654203,"DSV_EMwmeanByROC_mergedData_mergedRun_mergedAlgo",0.116454881944527
"211",11,"ndvi",0.0412933005001208,"DSV_EMwmeanByROC_mergedData_mergedRun_mergedAlgo",0.121055034341812
"212",12,"ndvi",0.0459520684348212,"DSV_EMwmeanByROC_mergedData_mergedRun_mergedAlgo",0.12590871980263
"213",13,"ndvi",0.0506108363695217,"DSV_EMwmeanByROC_mergedData_mergedRun_mergedAlgo",0.131030969855453
"214",14,"ndvi",0.0552696043042221,"DSV_EMwmeanByROC_mergedData_mergedRun_mergedAlgo",0.136436388438355
"215",15,"ndvi",0.0599283722389226,"DSV_EMwmeanByROC_mergedData_mergedRun_mergedAlgo",0.142128302613506
"216",16,"ndvi",0.0645871401736231,"DSV_EMwmeanByROC_mergedData_mergedRun_mergedAlgo",0.147013891291794
"217",17,"ndvi",0.0692459081083235,"DSV_EMwmeanByROC_mergedData_mergedRun_mergedAlgo",0.15113091446552
"218",18,"ndvi",0.073904676043024,"DSV_EMwmeanByROC_mergedData_mergedRun_mergedAlgo",0.154334999426767
"219",19,"ndvi",0.0785634439777244,"DSV_EMwmeanByROC_mergedData_mergedRun_mergedAlgo",0.1575825447314
"220",20,"ndvi",0.0832222119124249,"DSV_EMwmeanByROC_mergedData_mergedRun_mergedAlgo",0.160896746403126
"221",21,"ndvi",0.0878809798471253,"DSV_EMwmeanByROC_mergedData_mergedRun_mergedAlgo",0.164208450515517
"222",22,"ndvi",0.0925397477818258,"DSV_EMwmeanByROC_mergedData_mergedRun_mergedAlgo",0.167288068572106
"223",23,"ndvi",0.0971985157165262,"DSV_EMwmeanByROC_mergedData_mergedRun_mergedAlgo",0.170416240549186
"224",24,"ndvi",0.101857283651227,"DSV_EMwmeanByROC_mergedData_mergedRun_mergedAlgo",0.173597811631688
"225",25,"ndvi",0.106516051585927,"DSV_EMwmeanByROC_mergedData_mergedRun_mergedAlgo",0.176833262929441
"226",26,"ndvi",0.111174819520628,"DSV_EMwmeanByROC_mergedData_mergedRun_mergedAlgo",0.180123059069187
"227",27,"ndvi",0.115833587455328,"DSV_EMwmeanByROC_mergedData_mergedRun_mergedAlgo",0.183467647047339
"228",28,"ndvi",0.120492355390029,"DSV_EMwmeanByROC_mergedData_mergedRun_mergedAlgo",0.18686745505794
"229",29,"ndvi",0.125151123324729,"DSV_EMwmeanByROC_mergedData_mergedRun_mergedAlgo",0.190322891297112
"230",30,"ndvi",0.129809891259429,"DSV_EMwmeanByROC_mergedData_mergedRun_mergedAlgo",0.193800075161372
"231",31,"ndvi",0.13446865919413,"DSV_EMwmeanByROC_mergedData_mergedRun_mergedAlgo",0.19733179747428
"232",32,"ndvi",0.13912742712883,"DSV_EMwmeanByROC_mergedData_mergedRun_mergedAlgo",0.200918812455183
"233",33,"ndvi",0.143786195063531,"DSV_EMwmeanByROC_mergedData_mergedRun_mergedAlgo",0.204561436830127
"234",34,"ndvi",0.148444962998231,"DSV_EMwmeanByROC_mergedData_mergedRun_mergedAlgo",0.208259964108351
"235",35,"ndvi",0.153103730932932,"DSV_EMwmeanByROC_mergedData_mergedRun_mergedAlgo",0.212014663388407
"236",36,"ndvi",0.157762498867632,"DSV_EMwmeanByROC_mergedData_mergedRun_mergedAlgo",0.215825778144605
"237",37,"ndvi",0.162421266802333,"DSV_EMwmeanByROC_mergedData_mergedRun_mergedAlgo",0.219693524995096
"238",38,"ndvi",0.167080034737033,"DSV_EMwmeanByROC_mergedData_mergedRun_mergedAlgo",0.223618092452999
"239",39,"ndvi",0.171738802671734,"DSV_EMwmeanByROC_mergedData_mergedRun_mergedAlgo",0.227599639662154
"240",40,"ndvi",0.176397570606434,"DSV_EMwmeanByROC_mergedData_mergedRun_mergedAlgo",0.231638295119197
"241",41,"ndvi",0.181056338541134,"DSV_EMwmeanByROC_mergedData_mergedRun_mergedAlgo",0.235734155383832
"242",42,"ndvi",0.185715106475835,"DSV_EMwmeanByROC_mergedData_mergedRun_mergedAlgo",0.239887283779347
"243",43,"ndvi",0.190373874410535,"DSV_EMwmeanByROC_mergedData_mergedRun_mergedAlgo",0.244097709085563
"244",44,"ndvi",0.195032642345236,"DSV_EMwmeanByROC_mergedData_mergedRun_mergedAlgo",0.24836542422664
"245",45,"ndvi",0.199691410279936,"DSV_EMwmeanByROC_mergedData_mergedRun_mergedAlgo",0.252690384956308
"246",46,"ndvi",0.204350178214637,"DSV_EMwmeanByROC_mergedData_mergedRun_mergedAlgo",0.257072508543341
"247",47,"ndvi",0.209008946149337,"DSV_EMwmeanByROC_mergedData_mergedRun_mergedAlgo",0.261511672460289
"248",48,"ndvi",0.213667714084038,"DSV_EMwmeanByROC_mergedData_mergedRun_mergedAlgo",0.266007713078712
"249",49,"ndvi",0.218326482018738,"DSV_EMwmeanByROC_mergedData_mergedRun_mergedAlgo",0.270560424374412
"250",50,"ndvi",0.222985249953439,"DSV_EMwmeanByROC_mergedData_mergedRun_mergedAlgo",0.275169556646412
"251",51,"ndvi",0.227644017888139,"DSV_EMwmeanByROC_mergedData_mergedRun_mergedAlgo",0.279834815253684
"252",52,"ndvi",0.232302785822839,"DSV_EMwmeanByROC_mergedData_mergedRun_mergedAlgo",0.28455585937393
"253",53,"ndvi",0.23696155375754,"DSV_EMwmeanByROC_mergedData_mergedRun_mergedAlgo",0.289332300788974
"254",54,"ndvi",0.24162032169224,"DSV_EMwmeanByROC_mergedData_mergedRun_mergedAlgo",0.294163702701658
"255",55,"ndvi",0.246279089626941,"DSV_EMwmeanByROC_mergedData_mergedRun_mergedAlgo",0.299049578589428
"256",56,"ndvi",0.250937857561641,"DSV_EMwmeanByROC_mergedData_mergedRun_mergedAlgo",0.303989391100082
"257",57,"ndvi",0.255596625496342,"DSV_EMwmeanByROC_mergedData_mergedRun_mergedAlgo",0.308982550995529
"258",58,"ndvi",0.260255393431042,"DSV_EMwmeanByROC_mergedData_mergedRun_mergedAlgo",0.314028416149676
"259",59,"ndvi",0.264914161365743,"DSV_EMwmeanByROC_mergedData_mergedRun_mergedAlgo",0.319126290606912
"260",60,"ndvi",0.269572929300443,"DSV_EMwmeanByROC_mergedData_mergedRun_mergedAlgo",0.324275423707955
"261",61,"ndvi",0.274231697235144,"DSV_EMwmeanByROC_mergedData_mergedRun_mergedAlgo",0.329475009290145
"262",62,"ndvi",0.278890465169844,"DSV_EMwmeanByROC_mergedData_mergedRun_mergedAlgo",0.334724184969559
"263",63,"ndvi",0.283549233104544,"DSV_EMwmeanByROC_mergedData_mergedRun_mergedAlgo",0.340022031512575
"264",64,"ndvi",0.288208001039245,"DSV_EMwmeanByROC_mergedData_mergedRun_mergedAlgo",0.345367572304785
"265",65,"ndvi",0.292866768973945,"DSV_EMwmeanByROC_mergedData_mergedRun_mergedAlgo",0.350759772925333
"266",66,"ndvi",0.297525536908646,"DSV_EMwmeanByROC_mergedData_mergedRun_mergedAlgo",0.356197540834956
"267",67,"ndvi",0.302184304843346,"DSV_EMwmeanByROC_mergedData_mergedRun_mergedAlgo",0.361611919032001
"268",68,"ndvi",0.306843072778047,"DSV_EMwmeanByROC_mergedData_mergedRun_mergedAlgo",0.366192802345118
"269",69,"ndvi",0.311501840712747,"DSV_EMwmeanByROC_mergedData_mergedRun_mergedAlgo",0.368057298594202
"270",70,"ndvi",0.316160608647448,"DSV_EMwmeanByROC_mergedData_mergedRun_mergedAlgo",0.36641187310812
"271",71,"ndvi",0.320819376582148,"DSV_EMwmeanByROC_mergedData_mergedRun_mergedAlgo",0.36263199633573
"272",72,"ndvi",0.325478144516849,"DSV_EMwmeanByROC_mergedData_mergedRun_mergedAlgo",0.355368200151206
"273",73,"ndvi",0.330136912451549,"DSV_EMwmeanByROC_mergedData_mergedRun_mergedAlgo",0.347828248289585
"274",74,"ndvi",0.334795680386249,"DSV_EMwmeanByROC_mergedData_mergedRun_mergedAlgo",0.340176213818385
"275",75,"ndvi",0.33945444832095,"DSV_EMwmeanByROC_mergedData_mergedRun_mergedAlgo",0.331938419354555
"276",76,"ndvi",0.34411321625565,"DSV_EMwmeanByROC_mergedData_mergedRun_mergedAlgo",0.323430548530395
"277",77,"ndvi",0.348771984190351,"DSV_EMwmeanByROC_mergedData_mergedRun_mergedAlgo",0.315061353459842
"278",78,"ndvi",0.353430752125051,"DSV_EMwmeanByROC_mergedData_mergedRun_mergedAlgo",0.306835484283614
"279",79,"ndvi",0.358089520059752,"DSV_EMwmeanByROC_mergedData_mergedRun_mergedAlgo",0.298757059752587
"280",80,"ndvi",0.362748287994452,"DSV_EMwmeanByROC_mergedData_mergedRun_mergedAlgo",0.290829668966573
"281",81,"ndvi",0.367407055929153,"DSV_EMwmeanByROC_mergedData_mergedRun_mergedAlgo",0.283450277067942
"282",82,"ndvi",0.372065823863853,"DSV_EMwmeanByROC_mergedData_mergedRun_mergedAlgo",0.276305045995703
"283",83,"ndvi",0.376724591798554,"DSV_EMwmeanByROC_mergedData_mergedRun_mergedAlgo",0.269305306284983
"284",84,"ndvi",0.381383359733254,"DSV_EMwmeanByROC_mergedData_mergedRun_mergedAlgo",0.262452373483742
"285",85,"ndvi",0.386042127667954,"DSV_EMwmeanByROC_mergedData_mergedRun_mergedAlgo",0.255291830113872
"286",86,"ndvi",0.390700895602655,"DSV_EMwmeanByROC_mergedData_mergedRun_mergedAlgo",0.247146214605365
"287",87,"ndvi",0.395359663537355,"DSV_EMwmeanByROC_mergedData_mergedRun_mergedAlgo",0.238279991550381
"288",88,"ndvi",0.400018431472056,"DSV_EMwmeanByROC_mergedData_mergedRun_mergedAlgo",0.229000492377774
"289",89,"ndvi",0.404677199406756,"DSV_EMwmeanByROC_mergedData_mergedRun_mergedAlgo",0.219734275915484
"290",90,"ndvi",0.409335967341457,"DSV_EMwmeanByROC_mergedData_mergedRun_mergedAlgo",0.210811728378238
"291",91,"ndvi",0.413994735276157,"DSV_EMwmeanByROC_mergedData_mergedRun_mergedAlgo",0.20223398648354
"292",92,"ndvi",0.418653503210858,"DSV_EMwmeanByROC_mergedData_mergedRun_mergedAlgo",0.193998091636151
"293",93,"ndvi",0.423312271145558,"DSV_EMwmeanByROC_mergedData_mergedRun_mergedAlgo",0.186099466180642
"294",94,"ndvi",0.427971039080259,"DSV_EMwmeanByROC_mergedData_mergedRun_mergedAlgo",0.178532128502961
"295",95,"ndvi",0.432629807014959,"DSV_EMwmeanByROC_mergedData_mergedRun_mergedAlgo",0.171288904491687
"296",96,"ndvi",0.43728857494966,"DSV_EMwmeanByROC_mergedData_mergedRun_mergedAlgo",0.164046100767543
"297",97,"ndvi",0.44194734288436,"DSV_EMwmeanByROC_mergedData_mergedRun_mergedAlgo",0.157174747930148
"298",98,"ndvi",0.44660611081906,"DSV_EMwmeanByROC_mergedData_mergedRun_mergedAlgo",0.149677014281328
"299",99,"ndvi",0.451264878753761,"DSV_EMwmeanByROC_mergedData_mergedRun_mergedAlgo",0.142543969123371
"300",100,"ndvi",0.455923646688461,"DSV_EMwmeanByROC_mergedData_mergedRun_mergedAlgo",0.138986829185391
"301",1,"slope",0,"DSV_EMwmeanByROC_mergedData_mergedRun_mergedAlgo",0.171616558472122
"302",2,"slope",0.598635818019058,"DSV_EMwmeanByROC_mergedData_mergedRun_mergedAlgo",0.178544113716006
"303",3,"slope",1.19727163603812,"DSV_EMwmeanByROC_mergedData_mergedRun_mergedAlgo",0.18615096982982
"304",4,"slope",1.79590745405717,"DSV_EMwmeanByROC_mergedData_mergedRun_mergedAlgo",0.196382607407027
"305",5,"slope",2.39454327207623,"DSV_EMwmeanByROC_mergedData_mergedRun_mergedAlgo",0.206978216661343
"306",6,"slope",2.99317909009529,"DSV_EMwmeanByROC_mergedData_mergedRun_mergedAlgo",0.217799817229865
"307",7,"slope",3.59181490811435,"DSV_EMwmeanByROC_mergedData_mergedRun_mergedAlgo",0.228815633237181
"308",8,"slope",4.1904507261334,"DSV_EMwmeanByROC_mergedData_mergedRun_mergedAlgo",0.238730645812885
"309",9,"slope",4.78908654415246,"DSV_EMwmeanByROC_mergedData_mergedRun_mergedAlgo",0.247886334071561
"310",10,"slope",5.38772236217152,"DSV_EMwmeanByROC_mergedData_mergedRun_mergedAlgo",0.255456623520954
"311",11,"slope",5.98635818019058,"DSV_EMwmeanByROC_mergedData_mergedRun_mergedAlgo",0.26161789102782
"312",12,"slope",6.58499399820963,"DSV_EMwmeanByROC_mergedData_mergedRun_mergedAlgo",0.264884532469707
"313",13,"slope",7.18362981622869,"DSV_EMwmeanByROC_mergedData_mergedRun_mergedAlgo",0.266344331519468
"314",14,"slope",7.78226563424775,"DSV_EMwmeanByROC_mergedData_mergedRun_mergedAlgo",0.267367768162031
"315",15,"slope",8.38090145226681,"DSV_EMwmeanByROC_mergedData_mergedRun_mergedAlgo",0.268320889439522
"316",16,"slope",8.97953727028587,"DSV_EMwmeanByROC_mergedData_mergedRun_mergedAlgo",0.26915026263511
"317",17,"slope",9.57817308830492,"DSV_EMwmeanByROC_mergedData_mergedRun_mergedAlgo",0.2698567152829
"318",18,"slope",10.176808906324,"DSV_EMwmeanByROC_mergedData_mergedRun_mergedAlgo",0.270508040491738
"319",19,"slope",10.775444724343,"DSV_EMwmeanByROC_mergedData_mergedRun_mergedAlgo",0.271103808810712
"320",20,"slope",11.3740805423621,"DSV_EMwmeanByROC_mergedData_mergedRun_mergedAlgo",0.271577502327514
"321",21,"slope",11.9727163603812,"DSV_EMwmeanByROC_mergedData_mergedRun_mergedAlgo",0.271804690623036
"322",22,"slope",12.5713521784002,"DSV_EMwmeanByROC_mergedData_mergedRun_mergedAlgo",0.271765834869529
"323",23,"slope",13.1699879964193,"DSV_EMwmeanByROC_mergedData_mergedRun_mergedAlgo",0.27159126887947
"324",24,"slope",13.7686238144383,"DSV_EMwmeanByROC_mergedData_mergedRun_mergedAlgo",0.271352231671196
"325",25,"slope",14.3672596324574,"DSV_EMwmeanByROC_mergedData_mergedRun_mergedAlgo",0.27105446856512
"326",26,"slope",14.9658954504764,"DSV_EMwmeanByROC_mergedData_mergedRun_mergedAlgo",0.270613846960779
"327",27,"slope",15.5645312684955,"DSV_EMwmeanByROC_mergedData_mergedRun_mergedAlgo",0.270026156868446
"328",28,"slope",16.1631670865146,"DSV_EMwmeanByROC_mergedData_mergedRun_mergedAlgo",0.269308882620948
"329",29,"slope",16.7618029045336,"DSV_EMwmeanByROC_mergedData_mergedRun_mergedAlgo",0.268465041606003
"330",30,"slope",17.3604387225527,"DSV_EMwmeanByROC_mergedData_mergedRun_mergedAlgo",0.267518622038351
"331",31,"slope",17.9590745405717,"DSV_EMwmeanByROC_mergedData_mergedRun_mergedAlgo",0.266459781076224
"332",32,"slope",18.5577103585908,"DSV_EMwmeanByROC_mergedData_mergedRun_mergedAlgo",0.26534669600682
"333",33,"slope",19.1563461766098,"DSV_EMwmeanByROC_mergedData_mergedRun_mergedAlgo",0.264179836807382
"334",34,"slope",19.7549819946289,"DSV_EMwmeanByROC_mergedData_mergedRun_mergedAlgo",0.262959730266036
"335",35,"slope",20.353617812648,"DSV_EMwmeanByROC_mergedData_mergedRun_mergedAlgo",0.261686960365634
"336",36,"slope",20.952253630667,"DSV_EMwmeanByROC_mergedData_mergedRun_mergedAlgo",0.260300185692528
"337",37,"slope",21.5508894486861,"DSV_EMwmeanByROC_mergedData_mergedRun_mergedAlgo",0.258841654147308
"338",38,"slope",22.1495252667051,"DSV_EMwmeanByROC_mergedData_mergedRun_mergedAlgo",0.257333682893038
"339",39,"slope",22.7481610847242,"DSV_EMwmeanByROC_mergedData_mergedRun_mergedAlgo",0.255777126821015
"340",40,"slope",23.3467969027433,"DSV_EMwmeanByROC_mergedData_mergedRun_mergedAlgo",0.254172899071213
"341",41,"slope",23.9454327207623,"DSV_EMwmeanByROC_mergedData_mergedRun_mergedAlgo",0.25252197097513
"342",42,"slope",24.5440685387814,"DSV_EMwmeanByROC_mergedData_mergedRun_mergedAlgo",0.250825371865533
"343",43,"slope",25.1427043568004,"DSV_EMwmeanByROC_mergedData_mergedRun_mergedAlgo",0.249084188732924
"344",44,"slope",25.7413401748195,"DSV_EMwmeanByROC_mergedData_mergedRun_mergedAlgo",0.247299565709317
"345",45,"slope",26.3399759928385,"DSV_EMwmeanByROC_mergedData_mergedRun_mergedAlgo",0.245472703360948
"346",46,"slope",26.9386118108576,"DSV_EMwmeanByROC_mergedData_mergedRun_mergedAlgo",0.243604857772941
"347",47,"slope",27.5372476288767,"DSV_EMwmeanByROC_mergedData_mergedRun_mergedAlgo",0.241697339410682
"348",48,"slope",28.1358834468957,"DSV_EMwmeanByROC_mergedData_mergedRun_mergedAlgo",0.239751511744744
"349",49,"slope",28.7345192649148,"DSV_EMwmeanByROC_mergedData_mergedRun_mergedAlgo",0.237768789628554
"350",50,"slope",29.3331550829338,"DSV_EMwmeanByROC_mergedData_mergedRun_mergedAlgo",0.235750637420694
"351",51,"slope",29.9317909009529,"DSV_EMwmeanByROC_mergedData_mergedRun_mergedAlgo",0.233698566846621
"352",52,"slope",30.5304267189719,"DSV_EMwmeanByROC_mergedData_mergedRun_mergedAlgo",0.231614134597735
"353",53,"slope",31.129062536991,"DSV_EMwmeanByROC_mergedData_mergedRun_mergedAlgo",0.229498939669
"354",54,"slope",31.7276983550101,"DSV_EMwmeanByROC_mergedData_mergedRun_mergedAlgo",0.22735462043971
"355",55,"slope",32.3263341730291,"DSV_EMwmeanByROC_mergedData_mergedRun_mergedAlgo",0.225182851505437
"356",56,"slope",32.9249699910482,"DSV_EMwmeanByROC_mergedData_mergedRun_mergedAlgo",0.222985340272556
"357",57,"slope",33.5236058090672,"DSV_EMwmeanByROC_mergedData_mergedRun_mergedAlgo",0.22076382333011
"358",58,"slope",34.1222416270863,"DSV_EMwmeanByROC_mergedData_mergedRun_mergedAlgo",0.218520062616869
"359",59,"slope",34.7208774451054,"DSV_EMwmeanByROC_mergedData_mergedRun_mergedAlgo",0.216255841404416
"360",60,"slope",35.3195132631244,"DSV_EMwmeanByROC_mergedData_mergedRun_mergedAlgo",0.213972960119725
"361",61,"slope",35.9181490811435,"DSV_EMwmeanByROC_mergedData_mergedRun_mergedAlgo",0.211673232033027
"362",62,"slope",36.5167848991625,"DSV_EMwmeanByROC_mergedData_mergedRun_mergedAlgo",0.209358478838718
"363",63,"slope",37.1154207171816,"DSV_EMwmeanByROC_mergedData_mergedRun_mergedAlgo",0.20703052615861
"364",64,"slope",37.7140565352006,"DSV_EMwmeanByROC_mergedData_mergedRun_mergedAlgo",0.204691198997961
"365",65,"slope",38.3126923532197,"DSV_EMwmeanByROC_mergedData_mergedRun_mergedAlgo",0.202342317185381
"366",66,"slope",38.9113281712388,"DSV_EMwmeanByROC_mergedData_mergedRun_mergedAlgo",0.199985690827986
"367",67,"slope",39.5099639892578,"DSV_EMwmeanByROC_mergedData_mergedRun_mergedAlgo",0.197623115812945
"368",68,"slope",40.1085998072769,"DSV_EMwmeanByROC_mergedData_mergedRun_mergedAlgo",0.195256369385989
"369",69,"slope",40.7072356252959,"DSV_EMwmeanByROC_mergedData_mergedRun_mergedAlgo",0.192887205836412
"370",70,"slope",41.305871443315,"DSV_EMwmeanByROC_mergedData_mergedRun_mergedAlgo",0.190517352316787
"371",71,"slope",41.904507261334,"DSV_EMwmeanByROC_mergedData_mergedRun_mergedAlgo",0.188148504823872
"372",72,"slope",42.5031430793531,"DSV_EMwmeanByROC_mergedData_mergedRun_mergedAlgo",0.18578232436527
"373",73,"slope",43.1017788973722,"DSV_EMwmeanByROC_mergedData_mergedRun_mergedAlgo",0.183420433334171
"374",74,"slope",43.7004147153912,"DSV_EMwmeanByROC_mergedData_mergedRun_mergedAlgo",0.181064412112105
"375",75,"slope",44.2990505334103,"DSV_EMwmeanByROC_mergedData_mergedRun_mergedAlgo",0.1787157959171
"376",76,"slope",44.8976863514293,"DSV_EMwmeanByROC_mergedData_mergedRun_mergedAlgo",0.17637607191194
"377",77,"slope",45.4963221694484,"DSV_EMwmeanByROC_mergedData_mergedRun_mergedAlgo",0.174046676584538
"378",78,"slope",46.0949579874674,"DSV_EMwmeanByROC_mergedData_mergedRun_mergedAlgo",0.171728993409629
"379",79,"slope",46.6935938054865,"DSV_EMwmeanByROC_mergedData_mergedRun_mergedAlgo",0.169424350798278
"380",80,"slope",47.2922296235056,"DSV_EMwmeanByROC_mergedData_mergedRun_mergedAlgo",0.16713402033896
"381",81,"slope",47.8908654415246,"DSV_EMwmeanByROC_mergedData_mergedRun_mergedAlgo",0.164859215331357
"382",82,"slope",48.4895012595437,"DSV_EMwmeanByROC_mergedData_mergedRun_mergedAlgo",0.162601089611458
"383",83,"slope",49.0881370775627,"DSV_EMwmeanByROC_mergedData_mergedRun_mergedAlgo",0.160360736664169
"384",84,"slope",49.6867728955818,"DSV_EMwmeanByROC_mergedData_mergedRun_mergedAlgo",0.158139189017351
"385",85,"slope",50.2854087136009,"DSV_EMwmeanByROC_mergedData_mergedRun_mergedAlgo",0.155937417909144
"386",86,"slope",50.8840445316199,"DSV_EMwmeanByROC_mergedData_mergedRun_mergedAlgo",0.153756333218515
"387",87,"slope",51.482680349639,"DSV_EMwmeanByROC_mergedData_mergedRun_mergedAlgo",0.151596527786571
"388",88,"slope",52.081316167658,"DSV_EMwmeanByROC_mergedData_mergedRun_mergedAlgo",0.149465238495714
"389",89,"slope",52.6799519856771,"DSV_EMwmeanByROC_mergedData_mergedRun_mergedAlgo",0.147593163260788
"390",90,"slope",53.2785878036961,"DSV_EMwmeanByROC_mergedData_mergedRun_mergedAlgo",0.145859149772289
"391",91,"slope",53.8772236217152,"DSV_EMwmeanByROC_mergedData_mergedRun_mergedAlgo",0.144114571015552
"392",92,"slope",54.4758594397343,"DSV_EMwmeanByROC_mergedData_mergedRun_mergedAlgo",0.142408382310784
"393",93,"slope",55.0744952577533,"DSV_EMwmeanByROC_mergedData_mergedRun_mergedAlgo",0.141143376779124
"394",94,"slope",55.6731310757724,"DSV_EMwmeanByROC_mergedData_mergedRun_mergedAlgo",0.139875051645311
"395",95,"slope",56.2717668937914,"DSV_EMwmeanByROC_mergedData_mergedRun_mergedAlgo",0.139127408059196
"396",96,"slope",56.8704027118105,"DSV_EMwmeanByROC_mergedData_mergedRun_mergedAlgo",0.138572102859917
"397",97,"slope",57.4690385298295,"DSV_EMwmeanByROC_mergedData_mergedRun_mergedAlgo",0.138025044332936
"398",98,"slope",58.0676743478486,"DSV_EMwmeanByROC_mergedData_mergedRun_mergedAlgo",0.137484494382925
"399",99,"slope",58.6663101658677,"DSV_EMwmeanByROC_mergedData_mergedRun_mergedAlgo",0.136949287058749
"400",100,"slope",59.2649459838867,"DSV_EMwmeanByROC_mergedData_mergedRun_mergedAlgo",0.136431185527843
"401",1,"clay",0,"DSV_EMwmeanByROC_mergedData_mergedRun_mergedAlgo",0.55973518522134
"402",2,"clay",0.303030303030303,"DSV_EMwmeanByROC_mergedData_mergedRun_mergedAlgo",0.554919876596417
"403",3,"clay",0.606060606060606,"DSV_EMwmeanByROC_mergedData_mergedRun_mergedAlgo",0.550072931368295
"404",4,"clay",0.909090909090909,"DSV_EMwmeanByROC_mergedData_mergedRun_mergedAlgo",0.545195257144552
"405",5,"clay",1.21212121212121,"DSV_EMwmeanByROC_mergedData_mergedRun_mergedAlgo",0.540287808641252
"406",6,"clay",1.51515151515152,"DSV_EMwmeanByROC_mergedData_mergedRun_mergedAlgo",0.535351587773107
"407",7,"clay",1.81818181818182,"DSV_EMwmeanByROC_mergedData_mergedRun_mergedAlgo",0.530387643616717
"408",8,"clay",2.12121212121212,"DSV_EMwmeanByROC_mergedData_mergedRun_mergedAlgo",0.52539707224035
"409",9,"clay",2.42424242424242,"DSV_EMwmeanByROC_mergedData_mergedRun_mergedAlgo",0.520381016394069
"410",10,"clay",2.72727272727273,"DSV_EMwmeanByROC_mergedData_mergedRun_mergedAlgo",0.51534066505459
"411",11,"clay",3.03030303030303,"DSV_EMwmeanByROC_mergedData_mergedRun_mergedAlgo",0.510277252819752
"412",12,"clay",3.33333333333333,"DSV_EMwmeanByROC_mergedData_mergedRun_mergedAlgo",0.505192059148193
"413",13,"clay",3.63636363636364,"DSV_EMwmeanByROC_mergedData_mergedRun_mergedAlgo",0.500086407440516
"414",14,"clay",3.93939393939394,"DSV_EMwmeanByROC_mergedData_mergedRun_mergedAlgo",0.49496166395903
"415",15,"clay",4.24242424242424,"DSV_EMwmeanByROC_mergedData_mergedRun_mergedAlgo",0.489819236584052
"416",16,"clay",4.54545454545455,"DSV_EMwmeanByROC_mergedData_mergedRun_mergedAlgo",0.484660573405645
"417",17,"clay",4.84848484848485,"DSV_EMwmeanByROC_mergedData_mergedRun_mergedAlgo",0.479487161150701
"418",18,"clay",5.15151515151515,"DSV_EMwmeanByROC_mergedData_mergedRun_mergedAlgo",0.474300523446285
"419",19,"clay",5.45454545454546,"DSV_EMwmeanByROC_mergedData_mergedRun_mergedAlgo",0.469102218921265
"420",20,"clay",5.75757575757576,"DSV_EMwmeanByROC_mergedData_mergedRun_mergedAlgo",0.463893839149357
"421",21,"clay",6.06060606060606,"DSV_EMwmeanByROC_mergedData_mergedRun_mergedAlgo",0.45867700643785
"422",22,"clay",6.36363636363636,"DSV_EMwmeanByROC_mergedData_mergedRun_mergedAlgo",0.453453371467446
"423",23,"clay",6.66666666666667,"DSV_EMwmeanByROC_mergedData_mergedRun_mergedAlgo",0.448224610789752
"424",24,"clay",6.96969696969697,"DSV_EMwmeanByROC_mergedData_mergedRun_mergedAlgo",0.442992424190149
"425",25,"clay",7.27272727272727,"DSV_EMwmeanByROC_mergedData_mergedRun_mergedAlgo",0.437758531924824
"426",26,"clay",7.57575757575758,"DSV_EMwmeanByROC_mergedData_mergedRun_mergedAlgo",0.432524671841825
"427",27,"clay",7.87878787878788,"DSV_EMwmeanByROC_mergedData_mergedRun_mergedAlgo",0.42729259639703
"428",28,"clay",8.18181818181818,"DSV_EMwmeanByROC_mergedData_mergedRun_mergedAlgo",0.422064069576838
"429",29,"clay",8.48484848484848,"DSV_EMwmeanByROC_mergedData_mergedRun_mergedAlgo",0.416840863740257
"430",30,"clay",8.78787878787879,"DSV_EMwmeanByROC_mergedData_mergedRun_mergedAlgo",0.411624756393859
"431",31,"clay",9.09090909090909,"DSV_EMwmeanByROC_mergedData_mergedRun_mergedAlgo",0.406417526913715
"432",32,"clay",9.39393939393939,"DSV_EMwmeanByROC_mergedData_mergedRun_mergedAlgo",0.401220953229008
"433",33,"clay",9.6969696969697,"DSV_EMwmeanByROC_mergedData_mergedRun_mergedAlgo",0.396036808482437
"434",34,"clay",10,"DSV_EMwmeanByROC_mergedData_mergedRun_mergedAlgo",0.390866857682877
"435",35,"clay",10.3030303030303,"DSV_EMwmeanByROC_mergedData_mergedRun_mergedAlgo",0.385712854365903
"436",36,"clay",10.6060606060606,"DSV_EMwmeanByROC_mergedData_mergedRun_mergedAlgo",0.380576537277862
"437",37,"clay",10.9090909090909,"DSV_EMwmeanByROC_mergedData_mergedRun_mergedAlgo",0.375459627099086
"438",38,"clay",11.2121212121212,"DSV_EMwmeanByROC_mergedData_mergedRun_mergedAlgo",0.370363823221622
"439",39,"clay",11.5151515151515,"DSV_EMwmeanByROC_mergedData_mergedRun_mergedAlgo",0.365290800596467
"440",40,"clay",11.8181818181818,"DSV_EMwmeanByROC_mergedData_mergedRun_mergedAlgo",0.360242206664866
"441",41,"clay",12.1212121212121,"DSV_EMwmeanByROC_mergedData_mergedRun_mergedAlgo",0.355219658387578
"442",42,"clay",12.4242424242424,"DSV_EMwmeanByROC_mergedData_mergedRun_mergedAlgo",0.350224739385304
"443",43,"clay",12.7272727272727,"DSV_EMwmeanByROC_mergedData_mergedRun_mergedAlgo",0.345258997202644
"444",44,"clay",13.030303030303,"DSV_EMwmeanByROC_mergedData_mergedRun_mergedAlgo",0.340323940707026
"445",45,"clay",13.3333333333333,"DSV_EMwmeanByROC_mergedData_mergedRun_mergedAlgo",0.335421037633019
"446",46,"clay",13.6363636363636,"DSV_EMwmeanByROC_mergedData_mergedRun_mergedAlgo",0.330551712281365
"447",47,"clay",13.9393939393939,"DSV_EMwmeanByROC_mergedData_mergedRun_mergedAlgo",0.325717343380942
"448",48,"clay",14.2424242424242,"DSV_EMwmeanByROC_mergedData_mergedRun_mergedAlgo",0.320940661372741
"449",49,"clay",14.5454545454545,"DSV_EMwmeanByROC_mergedData_mergedRun_mergedAlgo",0.316219945388431
"450",50,"clay",14.8484848484848,"DSV_EMwmeanByROC_mergedData_mergedRun_mergedAlgo",0.311625357939852
"451",51,"clay",15.1515151515152,"DSV_EMwmeanByROC_mergedData_mergedRun_mergedAlgo",0.307188318940188
"452",52,"clay",15.4545454545455,"DSV_EMwmeanByROC_mergedData_mergedRun_mergedAlgo",0.3028084719225
"453",53,"clay",15.7575757575758,"DSV_EMwmeanByROC_mergedData_mergedRun_mergedAlgo",0.298487048496393
"454",54,"clay",16.0606060606061,"DSV_EMwmeanByROC_mergedData_mergedRun_mergedAlgo",0.294202911401616
"455",55,"clay",16.3636363636364,"DSV_EMwmeanByROC_mergedData_mergedRun_mergedAlgo",0.289956841589922
"456",56,"clay",16.6666666666667,"DSV_EMwmeanByROC_mergedData_mergedRun_mergedAlgo",0.285758074887484
"457",57,"clay",16.969696969697,"DSV_EMwmeanByROC_mergedData_mergedRun_mergedAlgo",0.281608850911627
"458",58,"clay",17.2727272727273,"DSV_EMwmeanByROC_mergedData_mergedRun_mergedAlgo",0.277499237191909
"459",59,"clay",17.5757575757576,"DSV_EMwmeanByROC_mergedData_mergedRun_mergedAlgo",0.273429833281216
"460",60,"clay",17.8787878787879,"DSV_EMwmeanByROC_mergedData_mergedRun_mergedAlgo",0.269401198193745
"461",61,"clay",18.1818181818182,"DSV_EMwmeanByROC_mergedData_mergedRun_mergedAlgo",0.265413850523729
"462",62,"clay",18.4848484848485,"DSV_EMwmeanByROC_mergedData_mergedRun_mergedAlgo",0.261468268659216
"463",63,"clay",18.7878787878788,"DSV_EMwmeanByROC_mergedData_mergedRun_mergedAlgo",0.257564891086653
"464",64,"clay",19.0909090909091,"DSV_EMwmeanByROC_mergedData_mergedRun_mergedAlgo",0.253718597922991
"465",65,"clay",19.3939393939394,"DSV_EMwmeanByROC_mergedData_mergedRun_mergedAlgo",0.249939624759284
"466",66,"clay",19.6969696969697,"DSV_EMwmeanByROC_mergedData_mergedRun_mergedAlgo",0.246447418032943
"467",67,"clay",20,"DSV_EMwmeanByROC_mergedData_mergedRun_mergedAlgo",0.243443030759387
"468",68,"clay",20.3030303030303,"DSV_EMwmeanByROC_mergedData_mergedRun_mergedAlgo",0.242721011574131
"469",69,"clay",20.6060606060606,"DSV_EMwmeanByROC_mergedData_mergedRun_mergedAlgo",0.244802678819373
"470",70,"clay",20.9090909090909,"DSV_EMwmeanByROC_mergedData_mergedRun_mergedAlgo",0.246905059207115
"471",71,"clay",21.2121212121212,"DSV_EMwmeanByROC_mergedData_mergedRun_mergedAlgo",0.249028076090666
"472",72,"clay",21.5151515151515,"DSV_EMwmeanByROC_mergedData_mergedRun_mergedAlgo",0.251171639051083
"473",73,"clay",21.8181818181818,"DSV_EMwmeanByROC_mergedData_mergedRun_mergedAlgo",0.253335643565191
"474",74,"clay",22.1212121212121,"DSV_EMwmeanByROC_mergedData_mergedRun_mergedAlgo",0.255519970692788
"475",75,"clay",22.4242424242424,"DSV_EMwmeanByROC_mergedData_mergedRun_mergedAlgo",0.257724486785311
"476",76,"clay",22.7272727272727,"DSV_EMwmeanByROC_mergedData_mergedRun_mergedAlgo",0.259949043218288
"477",77,"clay",23.030303030303,"DSV_EMwmeanByROC_mergedData_mergedRun_mergedAlgo",0.262193476149865
"478",78,"clay",23.3333333333333,"DSV_EMwmeanByROC_mergedData_mergedRun_mergedAlgo",0.264457606307708
"479",79,"clay",23.6363636363636,"DSV_EMwmeanByROC_mergedData_mergedRun_mergedAlgo",0.266741238806528
"480",80,"clay",23.9393939393939,"DSV_EMwmeanByROC_mergedData_mergedRun_mergedAlgo",0.269020831183544
"481",81,"clay",24.2424242424242,"DSV_EMwmeanByROC_mergedData_mergedRun_mergedAlgo",0.271228291224037
"482",82,"clay",24.5454545454545,"DSV_EMwmeanByROC_mergedData_mergedRun_mergedAlgo",0.272942379866622
"483",83,"clay",24.8484848484848,"DSV_EMwmeanByROC_mergedData_mergedRun_mergedAlgo",0.272755210886967
"484",84,"clay",25.1515151515152,"DSV_EMwmeanByROC_mergedData_mergedRun_mergedAlgo",0.270897724903757
"485",85,"clay",25.4545454545455,"DSV_EMwmeanByROC_mergedData_mergedRun_mergedAlgo",0.267820363695541
"486",86,"clay",25.7575757575758,"DSV_EMwmeanByROC_mergedData_mergedRun_mergedAlgo",0.263687131061761
"487",87,"clay",26.0606060606061,"DSV_EMwmeanByROC_mergedData_mergedRun_mergedAlgo",0.2596713880311
"488",88,"clay",26.3636363636364,"DSV_EMwmeanByROC_mergedData_mergedRun_mergedAlgo",0.255438755710356
"489",89,"clay",26.6666666666667,"DSV_EMwmeanByROC_mergedData_mergedRun_mergedAlgo",0.251365306240412
"490",90,"clay",26.969696969697,"DSV_EMwmeanByROC_mergedData_mergedRun_mergedAlgo",0.24745206439016
"491",91,"clay",27.2727272727273,"DSV_EMwmeanByROC_mergedData_mergedRun_mergedAlgo",0.243580253630819
"492",92,"clay",27.5757575757576,"DSV_EMwmeanByROC_mergedData_mergedRun_mergedAlgo",0.239786754482842
"493",93,"clay",27.8787878787879,"DSV_EMwmeanByROC_mergedData_mergedRun_mergedAlgo",0.236141081747043
"494",94,"clay",28.1818181818182,"DSV_EMwmeanByROC_mergedData_mergedRun_mergedAlgo",0.232647724688152
"495",95,"clay",28.4848484848485,"DSV_EMwmeanByROC_mergedData_mergedRun_mergedAlgo",0.229302848018518
"496",96,"clay",28.7878787878788,"DSV_EMwmeanByROC_mergedData_mergedRun_mergedAlgo",0.2261021934377
"497",97,"clay",29.0909090909091,"DSV_EMwmeanByROC_mergedData_mergedRun_mergedAlgo",0.223472458635908
"498",98,"clay",29.3939393939394,"DSV_EMwmeanByROC_mergedData_mergedRun_mergedAlgo",0.221936328459465
"499",99,"clay",29.6969696969697,"DSV_EMwmeanByROC_mergedData_mergedRun_mergedAlgo",0.220459316125412
"500",100,"clay",30,"DSV_EMwmeanByROC_mergedData_mergedRun_mergedAlgo",0.219039474371217
"501",1,"soil_pH",0,"DSV_EMwmeanByROC_mergedData_mergedRun_mergedAlgo",0.264038777530569
"502",2,"soil_pH",0.787878787878788,"DSV_EMwmeanByROC_mergedData_mergedRun_mergedAlgo",0.263582198972841
"503",3,"soil_pH",1.57575757575758,"DSV_EMwmeanByROC_mergedData_mergedRun_mergedAlgo",0.263128132130328
"504",4,"soil_pH",2.36363636363636,"DSV_EMwmeanByROC_mergedData_mergedRun_mergedAlgo",0.262676657803292
"505",5,"soil_pH",3.15151515151515,"DSV_EMwmeanByROC_mergedData_mergedRun_mergedAlgo",0.262227857303443
"506",6,"soil_pH",3.93939393939394,"DSV_EMwmeanByROC_mergedData_mergedRun_mergedAlgo",0.26178181241938
"507",7,"soil_pH",4.72727272727273,"DSV_EMwmeanByROC_mergedData_mergedRun_mergedAlgo",0.261338605381149
"508",8,"soil_pH",5.51515151515151,"DSV_EMwmeanByROC_mergedData_mergedRun_mergedAlgo",0.260898318823925
"509",9,"soil_pH",6.3030303030303,"DSV_EMwmeanByROC_mergedData_mergedRun_mergedAlgo",0.260461035750869
"510",10,"soil_pH",7.09090909090909,"DSV_EMwmeanByROC_mergedData_mergedRun_mergedAlgo",0.260026839495196
"511",11,"soil_pH",7.87878787878788,"DSV_EMwmeanByROC_mergedData_mergedRun_mergedAlgo",0.259595813681487
"512",12,"soil_pH",8.66666666666667,"DSV_EMwmeanByROC_mergedData_mergedRun_mergedAlgo",0.259168042186292
"513",13,"soil_pH",9.45454545454545,"DSV_EMwmeanByROC_mergedData_mergedRun_mergedAlgo",0.258743609098064
"514",14,"soil_pH",10.2424242424242,"DSV_EMwmeanByROC_mergedData_mergedRun_mergedAlgo",0.258322598676466
"515",15,"soil_pH",11.030303030303,"DSV_EMwmeanByROC_mergedData_mergedRun_mergedAlgo",0.257905095311097
"516",16,"soil_pH",11.8181818181818,"DSV_EMwmeanByROC_mergedData_mergedRun_mergedAlgo",0.257491183479693
"517",17,"soil_pH",12.6060606060606,"DSV_EMwmeanByROC_mergedData_mergedRun_mergedAlgo",0.257080947705826
"518",18,"soil_pH",13.3939393939394,"DSV_EMwmeanByROC_mergedData_mergedRun_mergedAlgo",0.256674472516188
"519",19,"soil_pH",14.1818181818182,"DSV_EMwmeanByROC_mergedData_mergedRun_mergedAlgo",0.256271842397467
"520",20,"soil_pH",14.969696969697,"DSV_EMwmeanByROC_mergedData_mergedRun_mergedAlgo",0.255873141752905
"521",21,"soil_pH",15.7575757575758,"DSV_EMwmeanByROC_mergedData_mergedRun_mergedAlgo",0.25547845485856
"522",22,"soil_pH",16.5454545454545,"DSV_EMwmeanByROC_mergedData_mergedRun_mergedAlgo",0.255087865819342
"523",23,"soil_pH",17.3333333333333,"DSV_EMwmeanByROC_mergedData_mergedRun_mergedAlgo",0.254701458524867
"524",24,"soil_pH",18.1212121212121,"DSV_EMwmeanByROC_mergedData_mergedRun_mergedAlgo",0.254319316605186
"525",25,"soil_pH",18.9090909090909,"DSV_EMwmeanByROC_mergedData_mergedRun_mergedAlgo",0.253941523386439
"526",26,"soil_pH",19.6969696969697,"DSV_EMwmeanByROC_mergedData_mergedRun_mergedAlgo",0.253568161846493
"527",27,"soil_pH",20.4848484848485,"DSV_EMwmeanByROC_mergedData_mergedRun_mergedAlgo",0.253199314570607
"528",28,"soil_pH",21.2727272727273,"DSV_EMwmeanByROC_mergedData_mergedRun_mergedAlgo",0.252835063707194
"529",29,"soil_pH",22.0606060606061,"DSV_EMwmeanByROC_mergedData_mergedRun_mergedAlgo",0.252475490923707
"530",30,"soil_pH",22.8484848484848,"DSV_EMwmeanByROC_mergedData_mergedRun_mergedAlgo",0.252120677362732
"531",31,"soil_pH",23.6363636363636,"DSV_EMwmeanByROC_mergedData_mergedRun_mergedAlgo",0.251770703598318
"532",32,"soil_pH",24.4242424242424,"DSV_EMwmeanByROC_mergedData_mergedRun_mergedAlgo",0.251425649592595
"533",33,"soil_pH",25.2121212121212,"DSV_EMwmeanByROC_mergedData_mergedRun_mergedAlgo",0.251085594652751
"534",34,"soil_pH",26,"DSV_EMwmeanByROC_mergedData_mergedRun_mergedAlgo",0.250750617388389
"535",35,"soil_pH",26.7878787878788,"DSV_EMwmeanByROC_mergedData_mergedRun_mergedAlgo",0.250420795669338
"536",36,"soil_pH",27.5757575757576,"DSV_EMwmeanByROC_mergedData_mergedRun_mergedAlgo",0.250096206583944
"537",37,"soil_pH",28.3636363636364,"DSV_EMwmeanByROC_mergedData_mergedRun_mergedAlgo",0.249776926397903
"538",38,"soil_pH",29.1515151515151,"DSV_EMwmeanByROC_mergedData_mergedRun_mergedAlgo",0.249463030513672
"539",39,"soil_pH",29.9393939393939,"DSV_EMwmeanByROC_mergedData_mergedRun_mergedAlgo",0.249154593430499
"540",40,"soil_pH",30.7272727272727,"DSV_EMwmeanByROC_mergedData_mergedRun_mergedAlgo",0.248851688705127
"541",41,"soil_pH",31.5151515151515,"DSV_EMwmeanByROC_mergedData_mergedRun_mergedAlgo",0.248554388913191
"542",42,"soil_pH",32.3030303030303,"DSV_EMwmeanByROC_mergedData_mergedRun_mergedAlgo",0.248262765611364
"543",43,"soil_pH",33.0909090909091,"DSV_EMwmeanByROC_mergedData_mergedRun_mergedAlgo",0.247976889300282
"544",44,"soil_pH",33.8787878787879,"DSV_EMwmeanByROC_mergedData_mergedRun_mergedAlgo",0.247696829388278
"545",45,"soil_pH",34.6666666666667,"DSV_EMwmeanByROC_mergedData_mergedRun_mergedAlgo",0.247422654155968
"546",46,"soil_pH",35.4545454545455,"DSV_EMwmeanByROC_mergedData_mergedRun_mergedAlgo",0.247154430721707
"547",47,"soil_pH",36.2424242424242,"DSV_EMwmeanByROC_mergedData_mergedRun_mergedAlgo",0.246892225007954
"548",48,"soil_pH",37.030303030303,"DSV_EMwmeanByROC_mergedData_mergedRun_mergedAlgo",0.246636101708571
"549",49,"soil_pH",37.8181818181818,"DSV_EMwmeanByROC_mergedData_mergedRun_mergedAlgo",0.246386124257072
"550",50,"soil_pH",38.6060606060606,"DSV_EMwmeanByROC_mergedData_mergedRun_mergedAlgo",0.246142354795858
"551",51,"soil_pH",39.3939393939394,"DSV_EMwmeanByROC_mergedData_mergedRun_mergedAlgo",0.245904854146449
"552",52,"soil_pH",40.1818181818182,"DSV_EMwmeanByROC_mergedData_mergedRun_mergedAlgo",0.245673681780731
"553",53,"soil_pH",40.969696969697,"DSV_EMwmeanByROC_mergedData_mergedRun_mergedAlgo",0.245448895793244
"554",54,"soil_pH",41.7575757575758,"DSV_EMwmeanByROC_mergedData_mergedRun_mergedAlgo",0.245230552874513
"555",55,"soil_pH",42.5454545454545,"DSV_EMwmeanByROC_mergedData_mergedRun_mergedAlgo",0.245018708285442
"556",56,"soil_pH",43.3333333333333,"DSV_EMwmeanByROC_mergedData_mergedRun_mergedAlgo",0.244813415832783
"557",57,"soil_pH",44.1212121212121,"DSV_EMwmeanByROC_mergedData_mergedRun_mergedAlgo",0.244614727845676
"558",58,"soil_pH",44.9090909090909,"DSV_EMwmeanByROC_mergedData_mergedRun_mergedAlgo",0.244422695153284
"559",59,"soil_pH",45.6969696969697,"DSV_EMwmeanByROC_mergedData_mergedRun_mergedAlgo",0.244237367063514
"560",60,"soil_pH",46.4848484848485,"DSV_EMwmeanByROC_mergedData_mergedRun_mergedAlgo",0.244058791342828
"561",61,"soil_pH",47.2727272727273,"DSV_EMwmeanByROC_mergedData_mergedRun_mergedAlgo",0.243887014197155
"562",62,"soil_pH",48.0606060606061,"DSV_EMwmeanByROC_mergedData_mergedRun_mergedAlgo",0.243722080253888
"563",63,"soil_pH",48.8484848484848,"DSV_EMwmeanByROC_mergedData_mergedRun_mergedAlgo",0.243564032544977
"564",64,"soil_pH",49.6363636363636,"DSV_EMwmeanByROC_mergedData_mergedRun_mergedAlgo",0.243412912491101
"565",65,"soil_pH",50.4242424242424,"DSV_EMwmeanByROC_mergedData_mergedRun_mergedAlgo",0.24326875988693
"566",66,"soil_pH",51.2121212121212,"DSV_EMwmeanByROC_mergedData_mergedRun_mergedAlgo",0.243131612887445
"567",67,"soil_pH",52,"DSV_EMwmeanByROC_mergedData_mergedRun_mergedAlgo",0.243001507995334
"568",68,"soil_pH",52.7878787878788,"DSV_EMwmeanByROC_mergedData_mergedRun_mergedAlgo",0.242878480049439
"569",69,"soil_pH",53.5757575757576,"DSV_EMwmeanByROC_mergedData_mergedRun_mergedAlgo",0.242762562214238
"570",70,"soil_pH",54.3636363636364,"DSV_EMwmeanByROC_mergedData_mergedRun_mergedAlgo",0.242653785970367
"571",71,"soil_pH",55.1515151515151,"DSV_EMwmeanByROC_mergedData_mergedRun_mergedAlgo",0.24255218110615
"572",72,"soil_pH",55.9393939393939,"DSV_EMwmeanByROC_mergedData_mergedRun_mergedAlgo",0.24247788679945
"573",73,"soil_pH",56.7272727272727,"DSV_EMwmeanByROC_mergedData_mergedRun_mergedAlgo",0.242461280324954
"574",74,"soil_pH",57.5151515151515,"DSV_EMwmeanByROC_mergedData_mergedRun_mergedAlgo",0.242452210440064
"575",75,"soil_pH",58.3030303030303,"DSV_EMwmeanByROC_mergedData_mergedRun_mergedAlgo",0.242450699331834
"576",76,"soil_pH",59.0909090909091,"DSV_EMwmeanByROC_mergedData_mergedRun_mergedAlgo",0.242456767420994
"577",77,"soil_pH",59.8787878787879,"DSV_EMwmeanByROC_mergedData_mergedRun_mergedAlgo",0.242470433358954
"578",78,"soil_pH",60.6666666666667,"DSV_EMwmeanByROC_mergedData_mergedRun_mergedAlgo",0.242491714025718
"579",79,"soil_pH",61.4545454545455,"DSV_EMwmeanByROC_mergedData_mergedRun_mergedAlgo",0.242520624528692
"580",80,"soil_pH",62.2424242424242,"DSV_EMwmeanByROC_mergedData_mergedRun_mergedAlgo",0.242557178202357
"581",81,"soil_pH",63.030303030303,"DSV_EMwmeanByROC_mergedData_mergedRun_mergedAlgo",0.242601386608805
"582",82,"soil_pH",63.8181818181818,"DSV_EMwmeanByROC_mergedData_mergedRun_mergedAlgo",0.24275148673081
"583",83,"soil_pH",64.6060606060606,"DSV_EMwmeanByROC_mergedData_mergedRun_mergedAlgo",0.243346922175744
"584",84,"soil_pH",65.3939393939394,"DSV_EMwmeanByROC_mergedData_mergedRun_mergedAlgo",0.244000425730437
"585",85,"soil_pH",66.1818181818182,"DSV_EMwmeanByROC_mergedData_mergedRun_mergedAlgo",0.244915326974106
"586",86,"soil_pH",66.969696969697,"DSV_EMwmeanByROC_mergedData_mergedRun_mergedAlgo",0.245838141049904
"587",87,"soil_pH",67.7575757575758,"DSV_EMwmeanByROC_mergedData_mergedRun_mergedAlgo",0.246734257429024
"588",88,"soil_pH",68.5454545454545,"DSV_EMwmeanByROC_mergedData_mergedRun_mergedAlgo",0.247644687047209
"589",89,"soil_pH",69.3333333333333,"DSV_EMwmeanByROC_mergedData_mergedRun_mergedAlgo",0.248569328463207
"590",90,"soil_pH",70.1212121212121,"DSV_EMwmeanByROC_mergedData_mergedRun_mergedAlgo",0.249501822274842
"591",91,"soil_pH",70.9090909090909,"DSV_EMwmeanByROC_mergedData_mergedRun_mergedAlgo",0.250402052269433
"592",92,"soil_pH",71.6969696969697,"DSV_EMwmeanByROC_mergedData_mergedRun_mergedAlgo",0.251253761648587
"593",93,"soil_pH",72.4848484848485,"DSV_EMwmeanByROC_mergedData_mergedRun_mergedAlgo",0.251270605622957
"594",94,"soil_pH",73.2727272727273,"DSV_EMwmeanByROC_mergedData_mergedRun_mergedAlgo",0.251242783339192
"595",95,"soil_pH",74.0606060606061,"DSV_EMwmeanByROC_mergedData_mergedRun_mergedAlgo",0.249771023503872
"596",96,"soil_pH",74.8484848484848,"DSV_EMwmeanByROC_mergedData_mergedRun_mergedAlgo",0.248477045457063
"597",97,"soil_pH",75.6363636363636,"DSV_EMwmeanByROC_mergedData_mergedRun_mergedAlgo",0.247360175964455
"598",98,"soil_pH",76.4242424242424,"DSV_EMwmeanByROC_mergedData_mergedRun_mergedAlgo",0.2464166382992
"599",99,"soil_pH",77.2121212121212,"DSV_EMwmeanByROC_mergedData_mergedRun_mergedAlgo",0.245640278019087
"600",100,"soil_pH",78,"DSV_EMwmeanByROC_mergedData_mergedRun_mergedAlgo",0.245023254309512
"601",1,"soil_sand",0,"DSV_EMwmeanByROC_mergedData_mergedRun_mergedAlgo",0.152743942344224
"602",2,"soil_sand",0.595959595959596,"DSV_EMwmeanByROC_mergedData_mergedRun_mergedAlgo",0.153658362061457
"603",3,"soil_sand",1.19191919191919,"DSV_EMwmeanByROC_mergedData_mergedRun_mergedAlgo",0.154581767514532
"604",4,"soil_sand",1.78787878787879,"DSV_EMwmeanByROC_mergedData_mergedRun_mergedAlgo",0.155514246476991
"605",5,"soil_sand",2.38383838383838,"DSV_EMwmeanByROC_mergedData_mergedRun_mergedAlgo",0.156455887351819
"606",6,"soil_sand",2.97979797979798,"DSV_EMwmeanByROC_mergedData_mergedRun_mergedAlgo",0.157406779150446
"607",7,"soil_sand",3.57575757575758,"DSV_EMwmeanByROC_mergedData_mergedRun_mergedAlgo",0.158367011470319
"608",8,"soil_sand",4.17171717171717,"DSV_EMwmeanByROC_mergedData_mergedRun_mergedAlgo",0.159336674471
"609",9,"soil_sand",4.76767676767677,"DSV_EMwmeanByROC_mergedData_mergedRun_mergedAlgo",0.160315858848725
"610",10,"soil_sand",5.36363636363636,"DSV_EMwmeanByROC_mergedData_mergedRun_mergedAlgo",0.161304655809375
"611",11,"soil_sand",5.95959595959596,"DSV_EMwmeanByROC_mergedData_mergedRun_mergedAlgo",0.162303157039798
"612",12,"soil_sand",6.55555555555556,"DSV_EMwmeanByROC_mergedData_mergedRun_mergedAlgo",0.163311454677425
"613",13,"soil_sand",7.15151515151515,"DSV_EMwmeanByROC_mergedData_mergedRun_mergedAlgo",0.164329641278133
"614",14,"soil_sand",7.74747474747475,"DSV_EMwmeanByROC_mergedData_mergedRun_mergedAlgo",0.165357809782271
"615",15,"soil_sand",8.34343434343434,"DSV_EMwmeanByROC_mergedData_mergedRun_mergedAlgo",0.166396053478827
"616",16,"soil_sand",8.93939393939394,"DSV_EMwmeanByROC_mergedData_mergedRun_mergedAlgo",0.167444465967641
"617",17,"soil_sand",9.53535353535353,"DSV_EMwmeanByROC_mergedData_mergedRun_mergedAlgo",0.16850314111963
"618",18,"soil_sand",10.1313131313131,"DSV_EMwmeanByROC_mergedData_mergedRun_mergedAlgo",0.169572173034956
"619",19,"soil_sand",10.7272727272727,"DSV_EMwmeanByROC_mergedData_mergedRun_mergedAlgo",0.17065165599908
"620",20,"soil_sand",11.3232323232323,"DSV_EMwmeanByROC_mergedData_mergedRun_mergedAlgo",0.171741684436645
"621",21,"soil_sand",11.9191919191919,"DSV_EMwmeanByROC_mergedData_mergedRun_mergedAlgo",0.172842352863127
"622",22,"soil_sand",12.5151515151515,"DSV_EMwmeanByROC_mergedData_mergedRun_mergedAlgo",0.173953755834206
"623",23,"soil_sand",13.1111111111111,"DSV_EMwmeanByROC_mergedData_mergedRun_mergedAlgo",0.175075987892791
"624",24,"soil_sand",13.7070707070707,"DSV_EMwmeanByROC_mergedData_mergedRun_mergedAlgo",0.176209143513651
"625",25,"soil_sand",14.3030303030303,"DSV_EMwmeanByROC_mergedData_mergedRun_mergedAlgo",0.177353317045596
"626",26,"soil_sand",14.8989898989899,"DSV_EMwmeanByROC_mergedData_mergedRun_mergedAlgo",0.178508602651171
"627",27,"soil_sand",15.4949494949495,"DSV_EMwmeanByROC_mergedData_mergedRun_mergedAlgo",0.179675094243782
"628",28,"soil_sand",16.0909090909091,"DSV_EMwmeanByROC_mergedData_mergedRun_mergedAlgo",0.180852885422251
"629",29,"soil_sand",16.6868686868687,"DSV_EMwmeanByROC_mergedData_mergedRun_mergedAlgo",0.182042069402721
"630",30,"soil_sand",17.2828282828283,"DSV_EMwmeanByROC_mergedData_mergedRun_mergedAlgo",0.183242738947889
"631",31,"soil_sand",17.8787878787879,"DSV_EMwmeanByROC_mergedData_mergedRun_mergedAlgo",0.184454986293527
"632",32,"soil_sand",18.4747474747475,"DSV_EMwmeanByROC_mergedData_mergedRun_mergedAlgo",0.185678903072255
"633",33,"soil_sand",19.0707070707071,"DSV_EMwmeanByROC_mergedData_mergedRun_mergedAlgo",0.18691458023454
"634",34,"soil_sand",19.6666666666667,"DSV_EMwmeanByROC_mergedData_mergedRun_mergedAlgo",0.188162107966904
"635",35,"soil_sand",20.2626262626263,"DSV_EMwmeanByROC_mergedData_mergedRun_mergedAlgo",0.189421575607302
"636",36,"soil_sand",20.8585858585859,"DSV_EMwmeanByROC_mergedData_mergedRun_mergedAlgo",0.190693071557684
"637",37,"soil_sand",21.4545454545455,"DSV_EMwmeanByROC_mergedData_mergedRun_mergedAlgo",0.191976683193711
"638",38,"soil_sand",22.050505050505,"DSV_EMwmeanByROC_mergedData_mergedRun_mergedAlgo",0.193272496771638
"639",39,"soil_sand",22.6464646464646,"DSV_EMwmeanByROC_mergedData_mergedRun_mergedAlgo",0.19458059733236
"640",40,"soil_sand",23.2424242424242,"DSV_EMwmeanByROC_mergedData_mergedRun_mergedAlgo",0.195901068602651
"641",41,"soil_sand",23.8383838383838,"DSV_EMwmeanByROC_mergedData_mergedRun_mergedAlgo",0.197233992893593
"642",42,"soil_sand",24.4343434343434,"DSV_EMwmeanByROC_mergedData_mergedRun_mergedAlgo",0.198579450996246
"643",43,"soil_sand",25.030303030303,"DSV_EMwmeanByROC_mergedData_mergedRun_mergedAlgo",0.199937522074592
"644",44,"soil_sand",25.6262626262626,"DSV_EMwmeanByROC_mergedData_mergedRun_mergedAlgo",0.201308283555789
"645",45,"soil_sand",26.2222222222222,"DSV_EMwmeanByROC_mergedData_mergedRun_mergedAlgo",0.202691811017815
"646",46,"soil_sand",26.8181818181818,"DSV_EMwmeanByROC_mergedData_mergedRun_mergedAlgo",0.20408817807455
"647",47,"soil_sand",27.4141414141414,"DSV_EMwmeanByROC_mergedData_mergedRun_mergedAlgo",0.205497456258383
"648",48,"soil_sand",28.010101010101,"DSV_EMwmeanByROC_mergedData_mergedRun_mergedAlgo",0.206919714900439
"649",49,"soil_sand",28.6060606060606,"DSV_EMwmeanByROC_mergedData_mergedRun_mergedAlgo",0.208355021008519
"650",50,"soil_sand",29.2020202020202,"DSV_EMwmeanByROC_mergedData_mergedRun_mergedAlgo",0.209803439142872
"651",51,"soil_sand",29.7979797979798,"DSV_EMwmeanByROC_mergedData_mergedRun_mergedAlgo",0.211265031289927
"652",52,"soil_sand",30.3939393939394,"DSV_EMwmeanByROC_mergedData_mergedRun_mergedAlgo",0.212739856734118
"653",53,"soil_sand",30.989898989899,"DSV_EMwmeanByROC_mergedData_mergedRun_mergedAlgo",0.214227971927964
"654",54,"soil_sand",31.5858585858586,"DSV_EMwmeanByROC_mergedData_mergedRun_mergedAlgo",0.215729430360562
"655",55,"soil_sand",32.1818181818182,"DSV_EMwmeanByROC_mergedData_mergedRun_mergedAlgo",0.217244282424682
"656",56,"soil_sand",32.7777777777778,"DSV_EMwmeanByROC_mergedData_mergedRun_mergedAlgo",0.21877257528264
"657",57,"soil_sand",33.3737373737374,"DSV_EMwmeanByROC_mergedData_mergedRun_mergedAlgo",0.220314352731189
"658",58,"soil_sand",33.969696969697,"DSV_EMwmeanByROC_mergedData_mergedRun_mergedAlgo",0.221869655065611
"659",59,"soil_sand",34.5656565656566,"DSV_EMwmeanByROC_mergedData_mergedRun_mergedAlgo",0.223438518943284
"660",60,"soil_sand",35.1616161616162,"DSV_EMwmeanByROC_mergedData_mergedRun_mergedAlgo",0.225020977246944
"661",61,"soil_sand",35.7575757575758,"DSV_EMwmeanByROC_mergedData_mergedRun_mergedAlgo",0.226617058947934
"662",62,"soil_sand",36.3535353535353,"DSV_EMwmeanByROC_mergedData_mergedRun_mergedAlgo",0.22822678896969
"663",63,"soil_sand",36.9494949494949,"DSV_EMwmeanByROC_mergedData_mergedRun_mergedAlgo",0.229850188051784
"664",64,"soil_sand",37.5454545454545,"DSV_EMwmeanByROC_mergedData_mergedRun_mergedAlgo",0.231487272614811
"665",65,"soil_sand",38.1414141414141,"DSV_EMwmeanByROC_mergedData_mergedRun_mergedAlgo",0.233138054626446
"666",66,"soil_sand",38.7373737373737,"DSV_EMwmeanByROC_mergedData_mergedRun_mergedAlgo",0.234802541468991
"667",67,"soil_sand",39.3333333333333,"DSV_EMwmeanByROC_mergedData_mergedRun_mergedAlgo",0.236480735808773
"668",68,"soil_sand",39.9292929292929,"DSV_EMwmeanByROC_mergedData_mergedRun_mergedAlgo",0.238172635467723
"669",69,"soil_sand",40.5252525252525,"DSV_EMwmeanByROC_mergedData_mergedRun_mergedAlgo",0.239878233297508
"670",70,"soil_sand",41.1212121212121,"DSV_EMwmeanByROC_mergedData_mergedRun_mergedAlgo",0.241597517056591
"671",71,"soil_sand",41.7171717171717,"DSV_EMwmeanByROC_mergedData_mergedRun_mergedAlgo",0.243330469290581
"672",72,"soil_sand",42.3131313131313,"DSV_EMwmeanByROC_mergedData_mergedRun_mergedAlgo",0.245077067216274
"673",73,"soil_sand",42.9090909090909,"DSV_EMwmeanByROC_mergedData_mergedRun_mergedAlgo",0.246837282609761
"674",74,"soil_sand",43.5050505050505,"DSV_EMwmeanByROC_mergedData_mergedRun_mergedAlgo",0.248611081699
"675",75,"soil_sand",44.1010101010101,"DSV_EMwmeanByROC_mergedData_mergedRun_mergedAlgo",0.250398425061248
"676",76,"soil_sand",44.6969696969697,"DSV_EMwmeanByROC_mergedData_mergedRun_mergedAlgo",0.252199267525736
"677",77,"soil_sand",45.2929292929293,"DSV_EMwmeanByROC_mergedData_mergedRun_mergedAlgo",0.254013558082
"678",78,"soil_sand",45.8888888888889,"DSV_EMwmeanByROC_mergedData_mergedRun_mergedAlgo",0.255841239794235
"679",79,"soil_sand",46.4848484848485,"DSV_EMwmeanByROC_mergedData_mergedRun_mergedAlgo",0.257682249722064
"680",80,"soil_sand",47.0808080808081,"DSV_EMwmeanByROC_mergedData_mergedRun_mergedAlgo",0.25953483125093
"681",81,"soil_sand",47.6767676767677,"DSV_EMwmeanByROC_mergedData_mergedRun_mergedAlgo",0.261393999193021
"682",82,"soil_sand",48.2727272727273,"DSV_EMwmeanByROC_mergedData_mergedRun_mergedAlgo",0.263253491496593
"683",83,"soil_sand",48.8686868686869,"DSV_EMwmeanByROC_mergedData_mergedRun_mergedAlgo",0.265069432217297
"684",84,"soil_sand",49.4646464646465,"DSV_EMwmeanByROC_mergedData_mergedRun_mergedAlgo",0.266898495989317
"685",85,"soil_sand",50.0606060606061,"DSV_EMwmeanByROC_mergedData_mergedRun_mergedAlgo",0.268732105402464
"686",86,"soil_sand",50.6565656565657,"DSV_EMwmeanByROC_mergedData_mergedRun_mergedAlgo",0.270504143172838
"687",87,"soil_sand",51.2525252525252,"DSV_EMwmeanByROC_mergedData_mergedRun_mergedAlgo",0.271880163138801
"688",88,"soil_sand",51.8484848484848,"DSV_EMwmeanByROC_mergedData_mergedRun_mergedAlgo",0.273185316736824
"689",89,"soil_sand",52.4444444444444,"DSV_EMwmeanByROC_mergedData_mergedRun_mergedAlgo",0.273902173772558
"690",90,"soil_sand",53.040404040404,"DSV_EMwmeanByROC_mergedData_mergedRun_mergedAlgo",0.274648835498288
"691",91,"soil_sand",53.6363636363636,"DSV_EMwmeanByROC_mergedData_mergedRun_mergedAlgo",0.275425510910431
"692",92,"soil_sand",54.2323232323232,"DSV_EMwmeanByROC_mergedData_mergedRun_mergedAlgo",0.276738924425584
"693",93,"soil_sand",54.8282828282828,"DSV_EMwmeanByROC_mergedData_mergedRun_mergedAlgo",0.284551855875054
"694",94,"soil_sand",55.4242424242424,"DSV_EMwmeanByROC_mergedData_mergedRun_mergedAlgo",0.293060784826712
"695",95,"soil_sand",56.020202020202,"DSV_EMwmeanByROC_mergedData_mergedRun_mergedAlgo",0.301713030862397
"696",96,"soil_sand",56.6161616161616,"DSV_EMwmeanByROC_mergedData_mergedRun_mergedAlgo",0.310588358294048
"697",97,"soil_sand",57.2121212121212,"DSV_EMwmeanByROC_mergedData_mergedRun_mergedAlgo",0.320187718865614
"698",98,"soil_sand",57.8080808080808,"DSV_EMwmeanByROC_mergedData_mergedRun_mergedAlgo",0.33016841438666
"699",99,"soil_sand",58.4040404040404,"DSV_EMwmeanByROC_mergedData_mergedRun_mergedAlgo",0.338736338239727
"700",100,"soil_sand",59,"DSV_EMwmeanByROC_mergedData_mergedRun_mergedAlgo",0.346596123906566
"701",1,"soil_water",0,"DSV_EMwmeanByROC_mergedData_mergedRun_mergedAlgo",0.261081972954115
"702",2,"soil_water",0.343434343434343,"DSV_EMwmeanByROC_mergedData_mergedRun_mergedAlgo",0.260671109862509
"703",3,"soil_water",0.686868686868687,"DSV_EMwmeanByROC_mergedData_mergedRun_mergedAlgo",0.260263940088812
"704",4,"soil_water",1.03030303030303,"DSV_EMwmeanByROC_mergedData_mergedRun_mergedAlgo",0.259860502474588
"705",5,"soil_water",1.37373737373737,"DSV_EMwmeanByROC_mergedData_mergedRun_mergedAlgo",0.259460835677915
"706",6,"soil_water",1.71717171717172,"DSV_EMwmeanByROC_mergedData_mergedRun_mergedAlgo",0.259064978164625
"707",7,"soil_water",2.06060606060606,"DSV_EMwmeanByROC_mergedData_mergedRun_mergedAlgo",0.258672968199509
"708",8,"soil_water",2.4040404040404,"DSV_EMwmeanByROC_mergedData_mergedRun_mergedAlgo",0.258284843837476
"709",9,"soil_water",2.74747474747475,"DSV_EMwmeanByROC_mergedData_mergedRun_mergedAlgo",0.257900642914669
"710",10,"soil_water",3.09090909090909,"DSV_EMwmeanByROC_mergedData_mergedRun_mergedAlgo",0.257520403039534
"711",11,"soil_water",3.43434343434343,"DSV_EMwmeanByROC_mergedData_mergedRun_mergedAlgo",0.257144161583855
"712",12,"soil_water",3.77777777777778,"DSV_EMwmeanByROC_mergedData_mergedRun_mergedAlgo",0.256771955673729
"713",13,"soil_water",4.12121212121212,"DSV_EMwmeanByROC_mergedData_mergedRun_mergedAlgo",0.256403822180515
"714",14,"soil_water",4.46464646464646,"DSV_EMwmeanByROC_mergedData_mergedRun_mergedAlgo",0.256039797711721
"715",15,"soil_water",4.80808080808081,"DSV_EMwmeanByROC_mergedData_mergedRun_mergedAlgo",0.255679918601859
"716",16,"soil_water",5.15151515151515,"DSV_EMwmeanByROC_mergedData_mergedRun_mergedAlgo",0.255324220903247
"717",17,"soil_water",5.49494949494949,"DSV_EMwmeanByROC_mergedData_mergedRun_mergedAlgo",0.254972740376767
"718",18,"soil_water",5.83838383838384,"DSV_EMwmeanByROC_mergedData_mergedRun_mergedAlgo",0.254625512482581
"719",19,"soil_water",6.18181818181818,"DSV_EMwmeanByROC_mergedData_mergedRun_mergedAlgo",0.254282572370795
"720",20,"soil_water",6.52525252525253,"DSV_EMwmeanByROC_mergedData_mergedRun_mergedAlgo",0.253943954872079
"721",21,"soil_water",6.86868686868687,"DSV_EMwmeanByROC_mergedData_mergedRun_mergedAlgo",0.253609694488243
"722",22,"soil_water",7.21212121212121,"DSV_EMwmeanByROC_mergedData_mergedRun_mergedAlgo",0.253279825382762
"723",23,"soil_water",7.55555555555556,"DSV_EMwmeanByROC_mergedData_mergedRun_mergedAlgo",0.252954381371261
"724",24,"soil_water",7.8989898989899,"DSV_EMwmeanByROC_mergedData_mergedRun_mergedAlgo",0.252633395911944
"725",25,"soil_water",8.24242424242424,"DSV_EMwmeanByROC_mergedData_mergedRun_mergedAlgo",0.252316902095985
"726",26,"soil_water",8.58585858585858,"DSV_EMwmeanByROC_mergedData_mergedRun_mergedAlgo",0.252004932637872
"727",27,"soil_water",8.92929292929293,"DSV_EMwmeanByROC_mergedData_mergedRun_mergedAlgo",0.2516975198657
"728",28,"soil_water",9.27272727272727,"DSV_EMwmeanByROC_mergedData_mergedRun_mergedAlgo",0.251394695711421
"729",29,"soil_water",9.61616161616162,"DSV_EMwmeanByROC_mergedData_mergedRun_mergedAlgo",0.251096491701055
"730",30,"soil_water",9.95959595959596,"DSV_EMwmeanByROC_mergedData_mergedRun_mergedAlgo",0.250802938944848
"731",31,"soil_water",10.3030303030303,"DSV_EMwmeanByROC_mergedData_mergedRun_mergedAlgo",0.250514068127391
"732",32,"soil_water",10.6464646464646,"DSV_EMwmeanByROC_mergedData_mergedRun_mergedAlgo",0.250229909497697
"733",33,"soil_water",10.989898989899,"DSV_EMwmeanByROC_mergedData_mergedRun_mergedAlgo",0.249950492859236
"734",34,"soil_water",11.3333333333333,"DSV_EMwmeanByROC_mergedData_mergedRun_mergedAlgo",0.249675847559929
"735",35,"soil_water",11.6767676767677,"DSV_EMwmeanByROC_mergedData_mergedRun_mergedAlgo",0.249406002482104
"736",36,"soil_water",12.020202020202,"DSV_EMwmeanByROC_mergedData_mergedRun_mergedAlgo",0.249140986032415
"737",37,"soil_water",12.3636363636364,"DSV_EMwmeanByROC_mergedData_mergedRun_mergedAlgo",0.248880826131724
"738",38,"soil_water",12.7070707070707,"DSV_EMwmeanByROC_mergedData_mergedRun_mergedAlgo",0.248625550204957
"739",39,"soil_water",13.0505050505051,"DSV_EMwmeanByROC_mergedData_mergedRun_mergedAlgo",0.248375185170914
"740",40,"soil_water",13.3939393939394,"DSV_EMwmeanByROC_mergedData_mergedRun_mergedAlgo",0.248129757432066
"741",41,"soil_water",13.7373737373737,"DSV_EMwmeanByROC_mergedData_mergedRun_mergedAlgo",0.247889292864316
"742",42,"soil_water",14.0808080808081,"DSV_EMwmeanByROC_mergedData_mergedRun_mergedAlgo",0.247653816806741
"743",43,"soil_water",14.4242424242424,"DSV_EMwmeanByROC_mergedData_mergedRun_mergedAlgo",0.24742335405131
"744",44,"soil_water",14.7676767676768,"DSV_EMwmeanByROC_mergedData_mergedRun_mergedAlgo",0.247197928832589
"745",45,"soil_water",15.1111111111111,"DSV_EMwmeanByROC_mergedData_mergedRun_mergedAlgo",0.24697756481743
"746",46,"soil_water",15.4545454545455,"DSV_EMwmeanByROC_mergedData_mergedRun_mergedAlgo",0.246762285094649
"747",47,"soil_water",15.7979797979798,"DSV_EMwmeanByROC_mergedData_mergedRun_mergedAlgo",0.246552112164705
"748",48,"soil_water",16.1414141414141,"DSV_EMwmeanByROC_mergedData_mergedRun_mergedAlgo",0.246347067929367
"749",49,"soil_water",16.4848484848485,"DSV_EMwmeanByROC_mergedData_mergedRun_mergedAlgo",0.246147173681395
"750",50,"soil_water",16.8282828282828,"DSV_EMwmeanByROC_mergedData_mergedRun_mergedAlgo",0.245952450094222
"751",51,"soil_water",17.1717171717172,"DSV_EMwmeanByROC_mergedData_mergedRun_mergedAlgo",0.245762917211653
"752",52,"soil_water",17.5151515151515,"DSV_EMwmeanByROC_mergedData_mergedRun_mergedAlgo",0.24557859443758
"753",53,"soil_water",17.8585858585859,"DSV_EMwmeanByROC_mergedData_mergedRun_mergedAlgo",0.245399500525726
"754",54,"soil_water",18.2020202020202,"DSV_EMwmeanByROC_mergedData_mergedRun_mergedAlgo",0.245225653569414
"755",55,"soil_water",18.5454545454545,"DSV_EMwmeanByROC_mergedData_mergedRun_mergedAlgo",0.245057070991377
"756",56,"soil_water",18.8888888888889,"DSV_EMwmeanByROC_mergedData_mergedRun_mergedAlgo",0.244893769533611
"757",57,"soil_water",19.2323232323232,"DSV_EMwmeanByROC_mergedData_mergedRun_mergedAlgo",0.244735765247275
"758",58,"soil_water",19.5757575757576,"DSV_EMwmeanByROC_mergedData_mergedRun_mergedAlgo",0.244583073482651
"759",59,"soil_water",19.9191919191919,"DSV_EMwmeanByROC_mergedData_mergedRun_mergedAlgo",0.244435708879172
"760",60,"soil_water",20.2626262626263,"DSV_EMwmeanByROC_mergedData_mergedRun_mergedAlgo",0.244293685355517
"761",61,"soil_water",20.6060606060606,"DSV_EMwmeanByROC_mergedData_mergedRun_mergedAlgo",0.244157016099789
"762",62,"soil_water",20.9494949494949,"DSV_EMwmeanByROC_mergedData_mergedRun_mergedAlgo",0.244025713559782
"763",63,"soil_water",21.2929292929293,"DSV_EMwmeanByROC_mergedData_mergedRun_mergedAlgo",0.243899789433349
"764",64,"soil_water",21.6363636363636,"DSV_EMwmeanByROC_mergedData_mergedRun_mergedAlgo",0.243779254658866
"765",65,"soil_water",21.979797979798,"DSV_EMwmeanByROC_mergedData_mergedRun_mergedAlgo",0.243664119405827
"766",66,"soil_water",22.3232323232323,"DSV_EMwmeanByROC_mergedData_mergedRun_mergedAlgo",0.243554393065547
"767",67,"soil_water",22.6666666666667,"DSV_EMwmeanByROC_mergedData_mergedRun_mergedAlgo",0.24345008424201
"768",68,"soil_water",23.010101010101,"DSV_EMwmeanByROC_mergedData_mergedRun_mergedAlgo",0.243401671686213
"769",69,"soil_water",23.3535353535354,"DSV_EMwmeanByROC_mergedData_mergedRun_mergedAlgo",0.243463465741954
"770",70,"soil_water",23.6969696969697,"DSV_EMwmeanByROC_mergedData_mergedRun_mergedAlgo",0.24371982556133
"771",71,"soil_water",24.040404040404,"DSV_EMwmeanByROC_mergedData_mergedRun_mergedAlgo",0.244183687950211
"772",72,"soil_water",24.3838383838384,"DSV_EMwmeanByROC_mergedData_mergedRun_mergedAlgo",0.244672247670515
"773",73,"soil_water",24.7272727272727,"DSV_EMwmeanByROC_mergedData_mergedRun_mergedAlgo",0.245196471405576
"774",74,"soil_water",25.0707070707071,"DSV_EMwmeanByROC_mergedData_mergedRun_mergedAlgo",0.245727720822766
"775",75,"soil_water",25.4141414141414,"DSV_EMwmeanByROC_mergedData_mergedRun_mergedAlgo",0.246265988410219
"776",76,"soil_water",25.7575757575758,"DSV_EMwmeanByROC_mergedData_mergedRun_mergedAlgo",0.24700131635818
"777",77,"soil_water",26.1010101010101,"DSV_EMwmeanByROC_mergedData_mergedRun_mergedAlgo",0.248109724958164
"778",78,"soil_water",26.4444444444444,"DSV_EMwmeanByROC_mergedData_mergedRun_mergedAlgo",0.249383956340306
"779",79,"soil_water",26.7878787878788,"DSV_EMwmeanByROC_mergedData_mergedRun_mergedAlgo",0.250812148450447
"780",80,"soil_water",27.1313131313131,"DSV_EMwmeanByROC_mergedData_mergedRun_mergedAlgo",0.252123751114379
"781",81,"soil_water",27.4747474747475,"DSV_EMwmeanByROC_mergedData_mergedRun_mergedAlgo",0.253269562523717
"782",82,"soil_water",27.8181818181818,"DSV_EMwmeanByROC_mergedData_mergedRun_mergedAlgo",0.25399285583961
"783",83,"soil_water",28.1616161616162,"DSV_EMwmeanByROC_mergedData_mergedRun_mergedAlgo",0.254595540531975
"784",84,"soil_water",28.5050505050505,"DSV_EMwmeanByROC_mergedData_mergedRun_mergedAlgo",0.254969548870315
"785",85,"soil_water",28.8484848484848,"DSV_EMwmeanByROC_mergedData_mergedRun_mergedAlgo",0.255308316443902
"786",86,"soil_water",29.1919191919192,"DSV_EMwmeanByROC_mergedData_mergedRun_mergedAlgo",0.255669962409487
"787",87,"soil_water",29.5353535353535,"DSV_EMwmeanByROC_mergedData_mergedRun_mergedAlgo",0.256054409224501
"788",88,"soil_water",29.8787878787879,"DSV_EMwmeanByROC_mergedData_mergedRun_mergedAlgo",0.25646155260288
"789",89,"soil_water",30.2222222222222,"DSV_EMwmeanByROC_mergedData_mergedRun_mergedAlgo",0.25689126286133
"790",90,"soil_water",30.5656565656566,"DSV_EMwmeanByROC_mergedData_mergedRun_mergedAlgo",0.257343386291378
"791",91,"soil_water",30.9090909090909,"DSV_EMwmeanByROC_mergedData_mergedRun_mergedAlgo",0.257817746542867
"792",92,"soil_water",31.2525252525253,"DSV_EMwmeanByROC_mergedData_mergedRun_mergedAlgo",0.25831414600595
"793",93,"soil_water",31.5959595959596,"DSV_EMwmeanByROC_mergedData_mergedRun_mergedAlgo",0.258832367180189
"794",94,"soil_water",31.9393939393939,"DSV_EMwmeanByROC_mergedData_mergedRun_mergedAlgo",0.259372174020832
"795",95,"soil_water",32.2828282828283,"DSV_EMwmeanByROC_mergedData_mergedRun_mergedAlgo",0.26002358527684
"796",96,"soil_water",32.6262626262626,"DSV_EMwmeanByROC_mergedData_mergedRun_mergedAlgo",0.260706243252048
"797",97,"soil_water",32.969696969697,"DSV_EMwmeanByROC_mergedData_mergedRun_mergedAlgo",0.261394911333062
"798",98,"soil_water",33.3131313131313,"DSV_EMwmeanByROC_mergedData_mergedRun_mergedAlgo",0.261839001047616
"799",99,"soil_water",33.6565656565657,"DSV_EMwmeanByROC_mergedData_mergedRun_mergedAlgo",0.262266186407317
"800",100,"soil_water",34,"DSV_EMwmeanByROC_mergedData_mergedRun_mergedAlgo",0.262698166774816
"801",1,"wind",1.67848825454712,"DSV_EMwmeanByROC_mergedData_mergedRun_mergedAlgo",0.365370987233751
"802",2,"wind",1.71763278498794,"DSV_EMwmeanByROC_mergedData_mergedRun_mergedAlgo",0.363325291118817
"803",3,"wind",1.75677731542876,"DSV_EMwmeanByROC_mergedData_mergedRun_mergedAlgo",0.364222385445697
"804",4,"wind",1.79592184586958,"DSV_EMwmeanByROC_mergedData_mergedRun_mergedAlgo",0.36834890238861
"805",5,"wind",1.83506637631041,"DSV_EMwmeanByROC_mergedData_mergedRun_mergedAlgo",0.366666241316155
"806",6,"wind",1.87421090675123,"DSV_EMwmeanByROC_mergedData_mergedRun_mergedAlgo",0.360712620191529
"807",7,"wind",1.91335543719205,"DSV_EMwmeanByROC_mergedData_mergedRun_mergedAlgo",0.354441819794831
"808",8,"wind",1.95249996763287,"DSV_EMwmeanByROC_mergedData_mergedRun_mergedAlgo",0.348313380266825
"809",9,"wind",1.99164449807369,"DSV_EMwmeanByROC_mergedData_mergedRun_mergedAlgo",0.342941582291765
"810",10,"wind",2.03078902851452,"DSV_EMwmeanByROC_mergedData_mergedRun_mergedAlgo",0.337959580924713
"811",11,"wind",2.06993355895534,"DSV_EMwmeanByROC_mergedData_mergedRun_mergedAlgo",0.33304868800897
"812",12,"wind",2.10907808939616,"DSV_EMwmeanByROC_mergedData_mergedRun_mergedAlgo",0.328211351696833
"813",13,"wind",2.14822261983698,"DSV_EMwmeanByROC_mergedData_mergedRun_mergedAlgo",0.323262731195815
"814",14,"wind",2.1873671502778,"DSV_EMwmeanByROC_mergedData_mergedRun_mergedAlgo",0.317778758078408
"815",15,"wind",2.22651168071862,"DSV_EMwmeanByROC_mergedData_mergedRun_mergedAlgo",0.311228462432343
"816",16,"wind",2.26565621115945,"DSV_EMwmeanByROC_mergedData_mergedRun_mergedAlgo",0.304401344317267
"817",17,"wind",2.30480074160027,"DSV_EMwmeanByROC_mergedData_mergedRun_mergedAlgo",0.297600535059166
"818",18,"wind",2.34394527204109,"DSV_EMwmeanByROC_mergedData_mergedRun_mergedAlgo",0.290542698823576
"819",19,"wind",2.38308980248191,"DSV_EMwmeanByROC_mergedData_mergedRun_mergedAlgo",0.283595196686259
"820",20,"wind",2.42223433292273,"DSV_EMwmeanByROC_mergedData_mergedRun_mergedAlgo",0.276760801402587
"821",21,"wind",2.46137886336355,"DSV_EMwmeanByROC_mergedData_mergedRun_mergedAlgo",0.270041986952151
"822",22,"wind",2.50052339380438,"DSV_EMwmeanByROC_mergedData_mergedRun_mergedAlgo",0.263440930060025
"823",23,"wind",2.5396679242452,"DSV_EMwmeanByROC_mergedData_mergedRun_mergedAlgo",0.256962240685008
"824",24,"wind",2.57881245468602,"DSV_EMwmeanByROC_mergedData_mergedRun_mergedAlgo",0.250631224061502
"825",25,"wind",2.61795698512684,"DSV_EMwmeanByROC_mergedData_mergedRun_mergedAlgo",0.246098269225698
"826",26,"wind",2.65710151556766,"DSV_EMwmeanByROC_mergedData_mergedRun_mergedAlgo",0.242879336611216
"827",27,"wind",2.69624604600849,"DSV_EMwmeanByROC_mergedData_mergedRun_mergedAlgo",0.24197039835885
"828",28,"wind",2.73539057644931,"DSV_EMwmeanByROC_mergedData_mergedRun_mergedAlgo",0.242453429246752
"829",29,"wind",2.77453510689013,"DSV_EMwmeanByROC_mergedData_mergedRun_mergedAlgo",0.244092208498418
"830",30,"wind",2.81367963733095,"DSV_EMwmeanByROC_mergedData_mergedRun_mergedAlgo",0.245869297014637
"831",31,"wind",2.85282416777177,"DSV_EMwmeanByROC_mergedData_mergedRun_mergedAlgo",0.247661185814202
"832",32,"wind",2.89196869821259,"DSV_EMwmeanByROC_mergedData_mergedRun_mergedAlgo",0.249467846850217
"833",33,"wind",2.93111322865342,"DSV_EMwmeanByROC_mergedData_mergedRun_mergedAlgo",0.251289249379875
"834",34,"wind",2.97025775909424,"DSV_EMwmeanByROC_mergedData_mergedRun_mergedAlgo",0.253125359914165
"835",35,"wind",3.00940228953506,"DSV_EMwmeanByROC_mergedData_mergedRun_mergedAlgo",0.254976142169255
"836",36,"wind",3.04854681997588,"DSV_EMwmeanByROC_mergedData_mergedRun_mergedAlgo",0.256841557019606
"837",37,"wind",3.0876913504167,"DSV_EMwmeanByROC_mergedData_mergedRun_mergedAlgo",0.258721562452874
"838",38,"wind",3.12683588085753,"DSV_EMwmeanByROC_mergedData_mergedRun_mergedAlgo",0.260616113526645
"839",39,"wind",3.16598041129835,"DSV_EMwmeanByROC_mergedData_mergedRun_mergedAlgo",0.26252516232703
"840",40,"wind",3.20512494173917,"DSV_EMwmeanByROC_mergedData_mergedRun_mergedAlgo",0.264448657929158
"841",41,"wind",3.24426947217999,"DSV_EMwmeanByROC_mergedData_mergedRun_mergedAlgo",0.266386546359568
"842",42,"wind",3.28341400262081,"DSV_EMwmeanByROC_mergedData_mergedRun_mergedAlgo",0.268338770560511
"843",43,"wind",3.32255853306163,"DSV_EMwmeanByROC_mergedData_mergedRun_mergedAlgo",0.27030527035616
"844",44,"wind",3.36170306350246,"DSV_EMwmeanByROC_mergedData_mergedRun_mergedAlgo",0.272285982420702
"845",45,"wind",3.40084759394328,"DSV_EMwmeanByROC_mergedData_mergedRun_mergedAlgo",0.274280840248275
"846",46,"wind",3.4399921243841,"DSV_EMwmeanByROC_mergedData_mergedRun_mergedAlgo",0.276289774124732
"847",47,"wind",3.47913665482492,"DSV_EMwmeanByROC_mergedData_mergedRun_mergedAlgo",0.278301730057691
"848",48,"wind",3.51828118526574,"DSV_EMwmeanByROC_mergedData_mergedRun_mergedAlgo",0.280292267223114
"849",49,"wind",3.55742571570657,"DSV_EMwmeanByROC_mergedData_mergedRun_mergedAlgo",0.282296179941204
"850",50,"wind",3.59657024614739,"DSV_EMwmeanByROC_mergedData_mergedRun_mergedAlgo",0.284311815809097
"851",51,"wind",3.63571477658821,"DSV_EMwmeanByROC_mergedData_mergedRun_mergedAlgo",0.286321515819583
"852",52,"wind",3.67485930702903,"DSV_EMwmeanByROC_mergedData_mergedRun_mergedAlgo",0.288344126343129
"853",53,"wind",3.71400383746985,"DSV_EMwmeanByROC_mergedData_mergedRun_mergedAlgo",0.290379494219286
"854",54,"wind",3.75314836791067,"DSV_EMwmeanByROC_mergedData_mergedRun_mergedAlgo",0.292427410253415
"855",55,"wind",3.7922928983515,"DSV_EMwmeanByROC_mergedData_mergedRun_mergedAlgo",0.294487987452363
"856",56,"wind",3.83143742879232,"DSV_EMwmeanByROC_mergedData_mergedRun_mergedAlgo",0.296561137396249
"857",57,"wind",3.87058195923314,"DSV_EMwmeanByROC_mergedData_mergedRun_mergedAlgo",0.298644504244398
"858",58,"wind",3.90972648967396,"DSV_EMwmeanByROC_mergedData_mergedRun_mergedAlgo",0.300734696193792
"859",59,"wind",3.94887102011478,"DSV_EMwmeanByROC_mergedData_mergedRun_mergedAlgo",0.302762247869497
"860",60,"wind",3.9880155505556,"DSV_EMwmeanByROC_mergedData_mergedRun_mergedAlgo",0.304628478363808
"861",61,"wind",4.02716008099643,"DSV_EMwmeanByROC_mergedData_mergedRun_mergedAlgo",0.306507699427034
"862",62,"wind",4.06630461143725,"DSV_EMwmeanByROC_mergedData_mergedRun_mergedAlgo",0.30825303628121
"863",63,"wind",4.10544914187807,"DSV_EMwmeanByROC_mergedData_mergedRun_mergedAlgo",0.308896646833112
"864",64,"wind",4.14459367231889,"DSV_EMwmeanByROC_mergedData_mergedRun_mergedAlgo",0.307450314159602
"865",65,"wind",4.18373820275971,"DSV_EMwmeanByROC_mergedData_mergedRun_mergedAlgo",0.304997889127382
"866",66,"wind",4.22288273320054,"DSV_EMwmeanByROC_mergedData_mergedRun_mergedAlgo",0.302221839460698
"867",67,"wind",4.26202726364136,"DSV_EMwmeanByROC_mergedData_mergedRun_mergedAlgo",0.29950288942182
"868",68,"wind",4.30117179408218,"DSV_EMwmeanByROC_mergedData_mergedRun_mergedAlgo",0.296848072865427
"869",69,"wind",4.340316324523,"DSV_EMwmeanByROC_mergedData_mergedRun_mergedAlgo",0.294257914187144
"870",70,"wind",4.37946085496382,"DSV_EMwmeanByROC_mergedData_mergedRun_mergedAlgo",0.291732689703518
"871",71,"wind",4.41860538540464,"DSV_EMwmeanByROC_mergedData_mergedRun_mergedAlgo",0.289272449241323
"872",72,"wind",4.45774991584547,"DSV_EMwmeanByROC_mergedData_mergedRun_mergedAlgo",0.286877038337171
"873",73,"wind",4.49689444628629,"DSV_EMwmeanByROC_mergedData_mergedRun_mergedAlgo",0.284546120453912
"874",74,"wind",4.53603897672711,"DSV_EMwmeanByROC_mergedData_mergedRun_mergedAlgo",0.282279198721686
"875",75,"wind",4.57518350716793,"DSV_EMwmeanByROC_mergedData_mergedRun_mergedAlgo",0.280075636813583
"876",76,"wind",4.61432803760875,"DSV_EMwmeanByROC_mergedData_mergedRun_mergedAlgo",0.277934678663118
"877",77,"wind",4.65347256804958,"DSV_EMwmeanByROC_mergedData_mergedRun_mergedAlgo",0.27585546681956
"878",78,"wind",4.6926170984904,"DSV_EMwmeanByROC_mergedData_mergedRun_mergedAlgo",0.273837059315029
"879",79,"wind",4.73176162893122,"DSV_EMwmeanByROC_mergedData_mergedRun_mergedAlgo",0.27187844498313
"880",80,"wind",4.77090615937204,"DSV_EMwmeanByROC_mergedData_mergedRun_mergedAlgo",0.269978557222542
"881",81,"wind",4.81005068981286,"DSV_EMwmeanByROC_mergedData_mergedRun_mergedAlgo",0.268075637708889
"882",82,"wind",4.84919522025368,"DSV_EMwmeanByROC_mergedData_mergedRun_mergedAlgo",0.265613044939635
"883",83,"wind",4.88833975069451,"DSV_EMwmeanByROC_mergedData_mergedRun_mergedAlgo",0.260824009733078
"884",84,"wind",4.92748428113533,"DSV_EMwmeanByROC_mergedData_mergedRun_mergedAlgo",0.251704160201603
"885",85,"wind",4.96662881157615,"DSV_EMwmeanByROC_mergedData_mergedRun_mergedAlgo",0.242693738371217
"886",86,"wind",5.00577334201697,"DSV_EMwmeanByROC_mergedData_mergedRun_mergedAlgo",0.233934975051662
"887",87,"wind",5.04491787245779,"DSV_EMwmeanByROC_mergedData_mergedRun_mergedAlgo",0.225434180022483
"888",88,"wind",5.08406240289862,"DSV_EMwmeanByROC_mergedData_mergedRun_mergedAlgo",0.217195999873148
"889",89,"wind",5.12320693333944,"DSV_EMwmeanByROC_mergedData_mergedRun_mergedAlgo",0.209263056024563
"890",90,"wind",5.16235146378026,"DSV_EMwmeanByROC_mergedData_mergedRun_mergedAlgo",0.201746320059823
"891",91,"wind",5.20149599422108,"DSV_EMwmeanByROC_mergedData_mergedRun_mergedAlgo",0.194772438047887
"892",92,"wind",5.2406405246619,"DSV_EMwmeanByROC_mergedData_mergedRun_mergedAlgo",0.188170673759593
"893",93,"wind",5.27978505510272,"DSV_EMwmeanByROC_mergedData_mergedRun_mergedAlgo",0.181800565238406
"894",94,"wind",5.31892958554355,"DSV_EMwmeanByROC_mergedData_mergedRun_mergedAlgo",0.175765269954608
"895",95,"wind",5.35807411598437,"DSV_EMwmeanByROC_mergedData_mergedRun_mergedAlgo",0.16996951562067
"896",96,"wind",5.39721864642519,"DSV_EMwmeanByROC_mergedData_mergedRun_mergedAlgo",0.164389016111039
"897",97,"wind",5.43636317686601,"DSV_EMwmeanByROC_mergedData_mergedRun_mergedAlgo",0.15907505429376
"898",98,"wind",5.47550770730683,"DSV_EMwmeanByROC_mergedData_mergedRun_mergedAlgo",0.154407753360999
"899",99,"wind",5.51465223774765,"DSV_EMwmeanByROC_mergedData_mergedRun_mergedAlgo",0.151588887990805
"900",100,"wind",5.55379676818848,"DSV_EMwmeanByROC_mergedData_mergedRun_mergedAlgo",0.15066700962149
